[{"model": "contenttypes.contenttype", "pk": 1, "fields": {"app_label": "admin_interface", "model": "theme"}}, {"model": "contenttypes.contenttype", "pk": 2, "fields": {"app_label": "admin", "model": "logentry"}}, {"model": "contenttypes.contenttype", "pk": 3, "fields": {"app_label": "auth", "model": "permission"}}, {"model": "contenttypes.contenttype", "pk": 4, "fields": {"app_label": "auth", "model": "group"}}, {"model": "contenttypes.contenttype", "pk": 5, "fields": {"app_label": "contenttypes", "model": "contenttype"}}, {"model": "contenttypes.contenttype", "pk": 6, "fields": {"app_label": "sessions", "model": "session"}}, {"model": "contenttypes.contenttype", "pk": 7, "fields": {"app_label": "main", "model": "lesson"}}, {"model": "contenttypes.contenttype", "pk": 8, "fields": {"app_label": "main", "model": "notification"}}, {"model": "contenttypes.contenttype", "pk": 9, "fields": {"app_label": "main", "model": "post"}}, {"model": "contenttypes.contenttype", "pk": 10, "fields": {"app_label": "main", "model": "wallpaper"}}, {"model": "contenttypes.contenttype", "pk": 11, "fields": {"app_label": "users", "model": "user"}}, {"model": "contenttypes.contenttype", "pk": 12, "fields": {"app_label": "users", "model": "student"}}, {"model": "contenttypes.contenttype", "pk": 13, "fields": {"app_label": "users", "model": "teacher"}}, {"model": "contenttypes.contenttype", "pk": 14, "fields": {"app_label": "main", "model": "assign"}}, {"model": "sessions.session", "pk": "2b2exvtkc6b97plsu08ttfs1d76jugh9", "fields": {"session_data": "M2E3YWJhNmI2ZmUyZmRjMGQ5ZTc3OTllMjA3YzI3N2I0ZTFkNzFjZTp7Il9sYW5ndWFnZSI6Imt5IiwiX2F1dGhfdXNlcl9pZCI6IjEzMTIuMDEwMTAiLCJfYXV0aF91c2VyX2JhY2tlbmQiOiJkamFuZ28uY29udHJpYi5hdXRoLmJhY2tlbmRzLk1vZGVsQmFja2VuZCIsIl9hdXRoX3VzZXJfaGFzaCI6ImM4YjliZjg5ODcwNzliNjM0MWRhNmY5MWJiODA3YzI2MTNmMGU4YjQifQ==", "expire_date": "2019-06-27T09:47:56.382Z"}}, {"model": "sessions.session", "pk": "hypbkfc4wew1o8jmnqo83emjt72xrav0", "fields": {"session_data": "OTYxMzhhZDNhOGViMzBmNDZiNTBhODU5ZWRhZGQzMGRlNjUwNmZkMDp7Il9hdXRoX3VzZXJfaWQiOiIxMzEyLjAxMDEwIiwiX2F1dGhfdXNlcl9iYWNrZW5kIjoiZGphbmdvLmNvbnRyaWIuYXV0aC5iYWNrZW5kcy5Nb2RlbEJhY2tlbmQiLCJfYXV0aF91c2VyX2hhc2giOiJjOGI5YmY4OTg3MDc5YjYzNDFkYTZmOTFiYjgwN2MyNjEzZjBlOGI0IiwiX2xhbmd1YWdlIjoia3kifQ==", "expire_date": "2019-07-05T02:04:13.813Z"}}, {"model": "sessions.session", "pk": "ni6o3yyhr3ahpzjer620lwq1jbusb9n2", "fields": {"session_data": "M2E3YWJhNmI2ZmUyZmRjMGQ5ZTc3OTllMjA3YzI3N2I0ZTFkNzFjZTp7Il9sYW5ndWFnZSI6Imt5IiwiX2F1dGhfdXNlcl9pZCI6IjEzMTIuMDEwMTAiLCJfYXV0aF91c2VyX2JhY2tlbmQiOiJkamFuZ28uY29udHJpYi5hdXRoLmJhY2tlbmRzLk1vZGVsQmFja2VuZCIsIl9hdXRoX3VzZXJfaGFzaCI6ImM4YjliZjg5ODcwNzliNjM0MWRhNmY5MWJiODA3YzI2MTNmMGU4YjQifQ==", "expire_date": "2019-07-11T18:43:30.979Z"}}, {"model": "main.lesson", "pk": "MAT-132", "fields": {"name": "CALCULUS II", "name_en": "CALCULUS II", "name_tr": "MATEMAT\u0130K ANAL\u0130Z\u0130 II", "name_ky": "\u041c\u0410\u0422\u0415\u041c\u0410\u0422\u0418\u041a\u0410\u041b\u042b\u041a \u0410\u041d\u0410\u041b\u0418\u0417 II", "teacher": "3", "state": "ZD", "term": 2, "topics": "<table>\r\n\t<tbody>\r\n\t\t<tr>\r\n\t\t\t<td>Dersin Amac\u0131</td>\r\n\t\t\t<td>\r\n\t\t\t<table>\r\n\t\t\t\t<tbody>\r\n\t\t\t\t\t<tr>\r\n\t\t\t\t\t\t<td>\r\n\t\t\t\t\t\t<p>&Ouml;\u011frencilere Matematik Analiz hakk\u0131nda bilgi vermek. Problemleri &ccedil;&ouml;zmek.</p>\r\n\t\t\t\t\t\t</td>\r\n\t\t\t\t\t</tr>\r\n\t\t\t\t</tbody>\r\n\t\t\t</table>\r\n\t\t\t</td>\r\n\t\t</tr>\r\n\t</tbody>\r\n</table>"}}, {"model": "main.lesson", "pk": "MAT-231", "fields": {"name": "CALCULUS III", "name_en": "CALCULUS III", "name_tr": "MATEMAT\u0130K ANAL\u0130Z\u0130 III", "name_ky": "\u041c\u0410\u0422\u0415\u041c\u0410\u0422\u0418\u041a\u0410\u041b\u042b\u041a \u0410\u041d\u0410\u041b\u0418\u0417 III", "teacher": "3", "state": "ZD", "term": 3, "topics": "<table>\r\n\t<tbody>\r\n\t\t<tr>\r\n\t\t\t<td style=\"vertical-align:top\"><span style=\"color:#000000\">Dersin Amac\u0131</span></td>\r\n\t\t\t<td style=\"vertical-align:top\">\r\n\t\t\t<div style=\"background:#eeeeee; border:1px solid #cccccc; padding:5px 10px\">\r\n\t\t\t<table>\r\n\t\t\t\t<tbody>\r\n\t\t\t\t\t<tr>\r\n\t\t\t\t\t\t<td style=\"vertical-align:top\">\r\n\t\t\t\t\t\t<p style=\"margin-left:40px\"><span style=\"color:#000000\">&Ouml;\u011frencilere Matematik Analiz hakk\u0131nda bilgi vermek. Problemleri &ccedil;&ouml;zmek.</span></p>\r\n\t\t\t\t\t\t</td>\r\n\t\t\t\t\t</tr>\r\n\t\t\t\t</tbody>\r\n\t\t\t</table>\r\n\t\t\t</div>\r\n\t\t\t</td>\r\n\t\t</tr>\r\n\t</tbody>\r\n</table>"}}, {"model": "main.lesson", "pk": "MAT-233", "fields": {"name": "DIFFERENTIAL EQUATIONS I", "name_en": "DIFFERENTIAL EQUATIONS I", "name_tr": "D\u0130FERANS\u0130YEL DENKLEMLER I", "name_ky": "\u0414\u0418\u0424\u0424\u0415\u0420\u0415\u041d\u0426\u0418\u0410\u041b\u0414\u042b\u041a \u0422\u0415\u04a2\u0414\u0415\u041c\u0415\u041b\u0415\u0420 I", "teacher": "2", "state": "ZD", "term": 3, "topics": "<table>\r\n\t<tbody>\r\n\t\t<tr>\r\n\t\t\t<td style=\"vertical-align:top\"><span style=\"color:#000000\">Dersin Amac\u0131</span></td>\r\n\t\t\t<td style=\"vertical-align:top\">\r\n\t\t\t<div style=\"background:#eeeeee; border:1px solid #cccccc; margin-left:40px; padding:5px 10px\"><span style=\"color:#000000\">Basit pratik s&uuml;re&ccedil;ler, problem, &ouml;rneklerin matematiksel modellerini diferansiyel denklemlerin yard\u0131m\u0131yla kurmaya, analiz yapmak ve i\u015flemleri tahmin etmeyi &ouml;\u011frenme. &Ouml;\u011frencileri analiz yapmaya &ouml;\u011fretme.</span></div>\r\n\t\t\t</td>\r\n\t\t</tr>\r\n\t</tbody>\r\n</table>"}}, {"model": "main.lesson", "pk": "UME-333", "fields": {"name": "Programming languages and technologies", "name_en": "Programming languages and technologies", "name_tr": "PROGRAMLAMA D\u0130LLER\u0130 VE TEKN\u0130KLER\u0130 I", "name_ky": "\u041f\u0440\u043e\u0433\u0440\u0430\u043c\u043c\u0430\u043b\u043e\u043e \u0442\u0438\u043b\u0434\u0435\u0440\u0438 \u0436\u0430\u043d\u0430 \u0442\u0435\u0445\u043d\u0438\u043a\u0442\u0435\u0440\u0438", "teacher": "6", "state": "ZD", "term": 5, "topics": "<table>\r\n\t<tbody>\r\n\t\t<tr>\r\n\t\t\t<td style=\"vertical-align:top\">Dersin Amac\u0131</td>\r\n\t\t\t<td style=\"vertical-align:top\">\r\n\t\t\t<div style=\"background:#eeeeee; border:1px solid #cccccc; padding:5px 10px\">\r\n\t\t\t<table>\r\n\t\t\t\t<tbody>\r\n\t\t\t\t\t<tr>\r\n\t\t\t\t\t\t<td style=\"vertical-align:top\">\r\n\t\t\t\t\t\t<p style=\"margin-left:40px\"><span style=\"color:#000000\">&Ouml;\u011frencilere programlama dillerinin temelin &ouml;\u011fretmek &ndash; metodlar, s\u0131n\u0131f ve &ouml;zellikleri, nesne y&ouml;nelimli programlaman\u0131n prensipleri, miraslama, aray&uuml;zey, overloading, overriding</span></p>\r\n\t\t\t\t\t\t</td>\r\n\t\t\t\t\t</tr>\r\n\t\t\t\t</tbody>\r\n\t\t\t</table>\r\n\t\t\t</div>\r\n\t\t\t</td>\r\n\t\t</tr>\r\n\t</tbody>\r\n</table>"}}, {"model": "main.lesson", "pk": "UME-335", "fields": {"name": "NUMERIC ANALYSIS", "name_en": "NUMERIC ANALYSIS", "name_tr": "SAYISAL ANALIZ", "name_ky": "\u0421\u0410\u041d\u0414\u042b\u041a \u0422\u0410\u041b\u0414\u041e\u041e", "teacher": "1", "state": "ZD", "term": 5, "topics": "<table>\r\n\t<tbody>\r\n\t\t<tr>\r\n\t\t\t<td style=\"vertical-align:top\"><span style=\"color:#000000\">Dersin Amac\u0131</span></td>\r\n\t\t\t<td style=\"vertical-align:top\">\r\n\t\t\t<div style=\"background:#eeeeee; border:1px solid #cccccc; margin-left:40px; padding:5px 10px\"><span style=\"color:#000000\">Bilgisayarda Matematiksel Hesaplamalar\u0131 Ger&ccedil;ekle\u015ftirme &Ouml;zellikleri. Say\u0131sal Metodlar\u0131n Teoretik Temeli. Say\u0131sal Hesaplamadaki Hatalar, Algoritma Sabitli\u011fi ve Zorlu\u011fu. Do\u011frusal Cebirin Say\u0131sal Metodlar\u0131. Do\u011frusal Olmayan Denklemler ve Sistemlerin Say\u0131sal &Ccedil;&ouml;z&uuml;m Metodlar\u0131. Fonksiyonlar\u0131 Yorumlama, Say\u0131sal T&uuml;rev ve \u0130ntegral.</span></div>\r\n\t\t\t</td>\r\n\t\t</tr>\r\n\t</tbody>\r\n</table>"}}, {"model": "main.lesson", "pk": "UME-337", "fields": {"name": "THEORY OF FUNCTIONS OF COMPLEX VARIABLES", "name_en": "THEORY OF FUNCTIONS OF COMPLEX VARIABLES", "name_tr": "KOMPLEKS DE\u011e\u0130\u015eKENL\u0130 FONKS\u0130YONLAR TEOR\u0130S\u0130", "name_ky": "\u041a\u041e\u041c\u041f\u041b\u0415\u041a\u0421\u0422\u0418\u041a \u04e8\u0417\u0413\u04e8\u0420\u041c\u04e8\u041b\u04ae\u04ae \u0424\u0423\u041d\u041a\u0426\u0418\u042f\u041b\u0410\u0420 \u0422\u0415\u041e\u0420\u0418\u042f\u0421\u042b", "teacher": "2", "state": "ZD", "term": 5, "topics": "<table>\r\n\t<tbody>\r\n\t\t<tr>\r\n\t\t\t<td style=\"vertical-align:top\"><span style=\"color:#000000\">Dersin Amac\u0131</span></td>\r\n\t\t\t<td style=\"vertical-align:top\">\r\n\t\t\t<div style=\"background:#eeeeee; border:1px solid #cccccc; margin-left:40px; padding:5px 10px\"><span style=\"color:#000000\">&Ouml;\u011frenciler Kompleks say\u0131lar\u0131n in\u015fas\u0131 ve g&ouml;sterimleri, limit ve s&uuml;reklilik, analitik ve harmonik fonksiyonlar, kompleks diziler, seriler, kompleks integrasyon, sing&uuml;lerlikler, rezid&uuml;ler ile ilgili temel bilgileri vermek</span></div>\r\n\t\t\t</td>\r\n\t\t</tr>\r\n\t</tbody>\r\n</table>"}}, {"model": "main.wallpaper", "pk": 2, "fields": {"name": "second", "image": "image/IMG_1332.JPG"}}, {"model": "main.wallpaper", "pk": 3, "fields": {"name": "second", "image": "image/IMG_1337_iIybr3j.JPG"}}, {"model": "main.assign", "pk": 6, "fields": {"lesson": "UME-335", "room": "107", "day": "Monday", "time_slots": "8:55 - 9:40"}}, {"model": "main.assign", "pk": 7, "fields": {"lesson": "UME-335", "room": "107", "day": "Monday", "time_slots": "9:50 - 10:35"}}, {"model": "main.assign", "pk": 8, "fields": {"lesson": "UME-333", "room": "104", "day": "Wednesday", "time_slots": "9:50 - 10:35"}}, {"model": "main.assign", "pk": 9, "fields": {"lesson": "UME-333", "room": "104", "day": "Wednesday", "time_slots": "10:45 - 11:30"}}, {"model": "main.assign", "pk": 10, "fields": {"lesson": "UME-333", "room": "119", "day": "Monday", "time_slots": "8:00 - 8:45"}}, {"model": "main.assign", "pk": 11, "fields": {"lesson": "UME-333", "room": "119", "day": "Monday", "time_slots": "8:55 - 9:40"}}, {"model": "main.assign", "pk": 12, "fields": {"lesson": "MAT-231", "room": "107", "day": "Tuesday", "time_slots": "8:55 - 9:40"}}, {"model": "main.assign", "pk": 13, "fields": {"lesson": "MAT-231", "room": "107", "day": "Tuesday", "time_slots": "9:50 - 10:35"}}, {"model": "main.assign", "pk": 14, "fields": {"lesson": "MAT-231", "room": "107", "day": "Thursday", "time_slots": "8:55 - 9:40"}}, {"model": "main.assign", "pk": 15, "fields": {"lesson": "MAT-231", "room": "107", "day": "Thursday", "time_slots": "9:50 - 10:35"}}, {"model": "auth.permission", "pk": 1, "fields": {"name": "Can add Theme", "content_type": 1, "codename": "add_theme"}}, {"model": "auth.permission", "pk": 2, "fields": {"name": "Can change Theme", "content_type": 1, "codename": "change_theme"}}, {"model": "auth.permission", "pk": 3, "fields": {"name": "Can delete Theme", "content_type": 1, "codename": "delete_theme"}}, {"model": "auth.permission", "pk": 4, "fields": {"name": "Can view Theme", "content_type": 1, "codename": "view_theme"}}, {"model": "auth.permission", "pk": 5, "fields": {"name": "Can add log entry", "content_type": 2, "codename": "add_logentry"}}, {"model": "auth.permission", "pk": 6, "fields": {"name": "Can change log entry", "content_type": 2, "codename": "change_logentry"}}, {"model": "auth.permission", "pk": 7, "fields": {"name": "Can delete log entry", "content_type": 2, "codename": "delete_logentry"}}, {"model": "auth.permission", "pk": 8, "fields": {"name": "Can view log entry", "content_type": 2, "codename": "view_logentry"}}, {"model": "auth.permission", "pk": 9, "fields": {"name": "Can add permission", "content_type": 3, "codename": "add_permission"}}, {"model": "auth.permission", "pk": 10, "fields": {"name": "Can change permission", "content_type": 3, "codename": "change_permission"}}, {"model": "auth.permission", "pk": 11, "fields": {"name": "Can delete permission", "content_type": 3, "codename": "delete_permission"}}, {"model": "auth.permission", "pk": 12, "fields": {"name": "Can view permission", "content_type": 3, "codename": "view_permission"}}, {"model": "auth.permission", "pk": 13, "fields": {"name": "Can add group", "content_type": 4, "codename": "add_group"}}, {"model": "auth.permission", "pk": 14, "fields": {"name": "Can change group", "content_type": 4, "codename": "change_group"}}, {"model": "auth.permission", "pk": 15, "fields": {"name": "Can delete group", "content_type": 4, "codename": "delete_group"}}, {"model": "auth.permission", "pk": 16, "fields": {"name": "Can view group", "content_type": 4, "codename": "view_group"}}, {"model": "auth.permission", "pk": 17, "fields": {"name": "Can add content type", "content_type": 5, "codename": "add_contenttype"}}, {"model": "auth.permission", "pk": 18, "fields": {"name": "Can change content type", "content_type": 5, "codename": "change_contenttype"}}, {"model": "auth.permission", "pk": 19, "fields": {"name": "Can delete content type", "content_type": 5, "codename": "delete_contenttype"}}, {"model": "auth.permission", "pk": 20, "fields": {"name": "Can view content type", "content_type": 5, "codename": "view_contenttype"}}, {"model": "auth.permission", "pk": 21, "fields": {"name": "Can add session", "content_type": 6, "codename": "add_session"}}, {"model": "auth.permission", "pk": 22, "fields": {"name": "Can change session", "content_type": 6, "codename": "change_session"}}, {"model": "auth.permission", "pk": 23, "fields": {"name": "Can delete session", "content_type": 6, "codename": "delete_session"}}, {"model": "auth.permission", "pk": 24, "fields": {"name": "Can view session", "content_type": 6, "codename": "view_session"}}, {"model": "auth.permission", "pk": 25, "fields": {"name": "Can add Lesson", "content_type": 7, "codename": "add_lesson"}}, {"model": "auth.permission", "pk": 26, "fields": {"name": "Can change Lesson", "content_type": 7, "codename": "change_lesson"}}, {"model": "auth.permission", "pk": 27, "fields": {"name": "Can delete Lesson", "content_type": 7, "codename": "delete_lesson"}}, {"model": "auth.permission", "pk": 28, "fields": {"name": "Can view Lesson", "content_type": 7, "codename": "view_lesson"}}, {"model": "auth.permission", "pk": 29, "fields": {"name": "Can add Notification", "content_type": 8, "codename": "add_notification"}}, {"model": "auth.permission", "pk": 30, "fields": {"name": "Can change Notification", "content_type": 8, "codename": "change_notification"}}, {"model": "auth.permission", "pk": 31, "fields": {"name": "Can delete Notification", "content_type": 8, "codename": "delete_notification"}}, {"model": "auth.permission", "pk": 32, "fields": {"name": "Can view Notification", "content_type": 8, "codename": "view_notification"}}, {"model": "auth.permission", "pk": 33, "fields": {"name": "Can add Post", "content_type": 9, "codename": "add_post"}}, {"model": "auth.permission", "pk": 34, "fields": {"name": "Can change Post", "content_type": 9, "codename": "change_post"}}, {"model": "auth.permission", "pk": 35, "fields": {"name": "Can delete Post", "content_type": 9, "codename": "delete_post"}}, {"model": "auth.permission", "pk": 36, "fields": {"name": "Can view Post", "content_type": 9, "codename": "view_post"}}, {"model": "auth.permission", "pk": 37, "fields": {"name": "Can add Wallpaper", "content_type": 10, "codename": "add_wallpaper"}}, {"model": "auth.permission", "pk": 38, "fields": {"name": "Can change Wallpaper", "content_type": 10, "codename": "change_wallpaper"}}, {"model": "auth.permission", "pk": 39, "fields": {"name": "Can delete Wallpaper", "content_type": 10, "codename": "delete_wallpaper"}}, {"model": "auth.permission", "pk": 40, "fields": {"name": "Can view Wallpaper", "content_type": 10, "codename": "view_wallpaper"}}, {"model": "auth.permission", "pk": 41, "fields": {"name": "Can add user", "content_type": 11, "codename": "add_user"}}, {"model": "auth.permission", "pk": 42, "fields": {"name": "Can change user", "content_type": 11, "codename": "change_user"}}, {"model": "auth.permission", "pk": 43, "fields": {"name": "Can delete user", "content_type": 11, "codename": "delete_user"}}, {"model": "auth.permission", "pk": 44, "fields": {"name": "Can view user", "content_type": 11, "codename": "view_user"}}, {"model": "auth.permission", "pk": 45, "fields": {"name": "Can add Student", "content_type": 12, "codename": "add_student"}}, {"model": "auth.permission", "pk": 46, "fields": {"name": "Can change Student", "content_type": 12, "codename": "change_student"}}, {"model": "auth.permission", "pk": 47, "fields": {"name": "Can delete Student", "content_type": 12, "codename": "delete_student"}}, {"model": "auth.permission", "pk": 48, "fields": {"name": "Can view Student", "content_type": 12, "codename": "view_student"}}, {"model": "auth.permission", "pk": 49, "fields": {"name": "Can add Teacher", "content_type": 13, "codename": "add_teacher"}}, {"model": "auth.permission", "pk": 50, "fields": {"name": "Can change Teacher", "content_type": 13, "codename": "change_teacher"}}, {"model": "auth.permission", "pk": 51, "fields": {"name": "Can delete Teacher", "content_type": 13, "codename": "delete_teacher"}}, {"model": "auth.permission", "pk": 52, "fields": {"name": "Can view Teacher", "content_type": 13, "codename": "view_teacher"}}, {"model": "auth.permission", "pk": 53, "fields": {"name": "Can add assign", "content_type": 14, "codename": "add_assign"}}, {"model": "auth.permission", "pk": 54, "fields": {"name": "Can change assign", "content_type": 14, "codename": "change_assign"}}, {"model": "auth.permission", "pk": 55, "fields": {"name": "Can delete assign", "content_type": 14, "codename": "delete_assign"}}, {"model": "auth.permission", "pk": 56, "fields": {"name": "Can view assign", "content_type": 14, "codename": "view_assign"}}, {"model": "users.user", "pk": "1", "fields": {"password": "", "last_login": null, "is_superuser": false, "first_name": "", "last_name": "", "email": "asan.omuraliev@manas.edu.kg", "is_staff": false, "is_active": true, "date_joined": "2019-06-26T13:25:35.849Z", "is_teacher": true, "is_student": false, "username": "Asan Omuraliev", "username_en": "Asan Omuraliev", "username_tr": null, "username_ky": "\u0410\u0441\u0430\u043d \u04e8\u043c\u04af\u0440\u0430\u043b\u0438\u0435\u0432", "groups": [], "user_permissions": []}}, {"model": "users.user", "pk": "1312.01008", "fields": {"password": "", "last_login": null, "is_superuser": false, "first_name": "", "last_name": "", "email": "", "is_staff": false, "is_active": true, "date_joined": "2019-06-26T13:04:12.032Z", "is_teacher": false, "is_student": true, "username": "Aynura Mederbek kizi", "username_en": "Aynura Mederbek kizi", "username_tr": null, "username_ky": "\u0410\u0439\u043d\u0443\u0440\u0430 \u041c\u0435\u0434\u0435\u0440\u0431\u0435\u043a \u043a\u044b\u0437\u044b", "groups": [], "user_permissions": []}}, {"model": "users.user", "pk": "1312.01010", "fields": {"password": "pbkdf2_sha256$150000$9QdezAuMiAc3$QkeVco21xu6p//EHA3AHkLl5Hw6LMiyLKNp47fpHJHY=", "last_login": "2019-06-27T18:43:30.850Z", "is_superuser": true, "first_name": "", "last_name": "", "email": "soyuzbek196.kg@gmail.com", "is_staff": true, "is_active": true, "date_joined": "2019-06-02T13:02:57.457Z", "is_teacher": false, "is_student": true, "username": "Soyuzbek Orozbek uulu", "username_en": "Soyuzbek Orozbek uulu", "username_tr": null, "username_ky": "\u0421\u043e\u044e\u0437\u0431\u0435\u043a \u041e\u0440\u043e\u0437\u0431\u0435\u043a \u0443\u0443\u043b\u0443", "groups": [], "user_permissions": []}}, {"model": "users.user", "pk": "1312.01014", "fields": {"password": "", "last_login": null, "is_superuser": false, "first_name": "", "last_name": "", "email": "", "is_staff": false, "is_active": true, "date_joined": "2019-06-26T13:04:50.020Z", "is_teacher": false, "is_student": true, "username": "Altinay Ishenbaeva", "username_en": "Altinay Ishenbaeva", "username_tr": null, "username_ky": "\u0410\u043b\u0442\u044b\u043d\u0430\u0439 \u0418\u0448\u0435\u043d\u0431\u0430\u0435\u0432\u0430", "groups": [], "user_permissions": []}}, {"model": "users.user", "pk": "1412.01005", "fields": {"password": "", "last_login": null, "is_superuser": false, "first_name": "", "last_name": "", "email": "sim.joomartov@gmail.com", "is_staff": false, "is_active": true, "date_joined": "2019-06-26T13:05:32.520Z", "is_teacher": false, "is_student": true, "username": "Siymik Risbaev", "username_en": "Siymik Risbaev", "username_tr": null, "username_ky": "\u0421\u044b\u0439\u043c\u044b\u043a \u0420\u044b\u0441\u0431\u0430\u0435\u0432", "groups": [], "user_permissions": []}}, {"model": "users.user", "pk": "1412.01006", "fields": {"password": "", "last_login": null, "is_superuser": false, "first_name": "", "last_name": "", "email": "begimai.tilekmatova@gmail.com", "is_staff": false, "is_active": true, "date_joined": "2019-06-26T13:06:03.176Z", "is_teacher": false, "is_student": true, "username": "Begimay Abayildaeva", "username_en": "Begimay Abayildaeva", "username_tr": null, "username_ky": "\u0411\u0435\u0433\u0438\u043c\u0430\u0439 \u0410\u0431\u0430\u0439\u044b\u043b\u0434\u0430\u0435\u0432\u0430", "groups": [], "user_permissions": []}}, {"model": "users.user", "pk": "1412.01007", "fields": {"password": "", "last_login": null, "is_superuser": false, "first_name": "", "last_name": "", "email": "tashtanov333@gmail.com", "is_staff": false, "is_active": true, "date_joined": "2019-06-26T13:06:56.356Z", "is_teacher": false, "is_student": true, "username": "Isabek Tashtanov", "username_en": "Isabek Tashtanov", "username_tr": null, "username_ky": "\u0418\u0441\u0430\u0431\u0435\u043a \u0422\u0430\u0448\u0442\u0430\u043d\u043e\u0432", "groups": [], "user_permissions": []}}, {"model": "users.user", "pk": "1412.01009", "fields": {"password": "", "last_login": null, "is_superuser": false, "first_name": "", "last_name": "", "email": "azizizgulorozalieva6@gmail.com", "is_staff": false, "is_active": true, "date_joined": "2019-06-26T13:07:51.827Z", "is_teacher": false, "is_student": true, "username": "Azizgul Orozalieva", "username_en": "Azizgul Orozalieva", "username_tr": null, "username_ky": "\u0410\u0437\u0438\u0437\u0433\u04af\u043b \u041e\u0440\u043e\u0437\u0430\u043b\u0438\u0435\u0432\u0430", "groups": [], "user_permissions": []}}, {"model": "users.user", "pk": "1412.01010", "fields": {"password": "", "last_login": null, "is_superuser": false, "first_name": "", "last_name": "", "email": "", "is_staff": false, "is_active": true, "date_joined": "2019-06-26T13:08:56.815Z", "is_teacher": false, "is_student": true, "username": "Aycan Tilekbek kizi", "username_en": "Aycan Tilekbek kizi", "username_tr": null, "username_ky": "\u0410\u0439\u0436\u0430\u043d \u0422\u0438\u043b\u0435\u043a\u0431\u0435\u043a \u043a\u044b\u0437\u044b", "groups": [], "user_permissions": []}}, {"model": "users.user", "pk": "1412.01017", "fields": {"password": "", "last_login": null, "is_superuser": false, "first_name": "", "last_name": "", "email": "", "is_staff": false, "is_active": true, "date_joined": "2019-06-26T13:09:46.356Z", "is_teacher": false, "is_student": true, "username": "Kubanich Kudayberdiev", "username_en": "Kubanich Kudayberdiev", "username_tr": null, "username_ky": "\u041a\u0443\u0431\u0430\u043d\u044b\u0447 \u041a\u0443\u0434\u0430\u0439\u0431\u0435\u0440\u0434\u0438\u0435\u0432", "groups": [], "user_permissions": []}}, {"model": "users.user", "pk": "1412.01030", "fields": {"password": "", "last_login": null, "is_superuser": false, "first_name": "", "last_name": "", "email": "", "is_staff": false, "is_active": true, "date_joined": "2019-06-26T13:10:36.459Z", "is_teacher": false, "is_student": true, "username": "Sirgak Ravsanbek uulu", "username_en": "Sirgak Ravsanbek uulu", "username_tr": null, "username_ky": "\u0421\u044b\u0440\u0433\u0430\u043a \u0420\u0430\u0432\u0448\u0430\u043d\u0431\u0435\u043a \u0443\u0443\u043b\u0443", "groups": [], "user_permissions": []}}, {"model": "users.user", "pk": "1412.01032", "fields": {"password": "", "last_login": null, "is_superuser": false, "first_name": "", "last_name": "", "email": "begaiymajygulova@gmail.com", "is_staff": false, "is_active": true, "date_joined": "2019-06-26T13:11:28.628Z", "is_teacher": false, "is_student": true, "username": "Begayim Ajigulova", "username_en": "Begayim Ajigulova", "username_tr": null, "username_ky": "\u0411\u0435\u0433\u0430\u0439\u044b\u043c \u0410\u0436\u044b\u0433\u0443\u043b\u043e\u0432\u0430", "groups": [], "user_permissions": []}}, {"model": "users.user", "pk": "1412.01034", "fields": {"password": "", "last_login": null, "is_superuser": false, "first_name": "", "last_name": "", "email": "", "is_staff": false, "is_active": true, "date_joined": "2019-06-26T13:12:32.719Z", "is_teacher": false, "is_student": true, "username": "Aycigit Tolonbaev", "username_en": "Aycigit Tolonbaev", "username_tr": null, "username_ky": "\u0410\u0439\u0436\u0438\u0433\u0438\u0442 \u0422\u04e9\u043b\u04e9\u043d\u0431\u0430\u0435\u0432", "groups": [], "user_permissions": []}}, {"model": "users.user", "pk": "1512.01033", "fields": {"password": "", "last_login": null, "is_superuser": false, "first_name": "", "last_name": "", "email": "", "is_staff": false, "is_active": true, "date_joined": "2019-06-26T13:13:27.697Z", "is_teacher": false, "is_student": true, "username": "Altinay Duulatbek kizi", "username_en": "Altinay Duulatbek kizi", "username_tr": null, "username_ky": "\u0410\u043b\u0442\u044b\u043d\u0430\u0439 \u0414\u0443\u0443\u043b\u0430\u0442\u0431\u0435\u043a \u043a\u044b\u0437\u044b", "groups": [], "user_permissions": []}}, {"model": "users.user", "pk": "1512.01902", "fields": {"password": "", "last_login": null, "is_superuser": false, "first_name": "", "last_name": "", "email": "", "is_staff": false, "is_active": true, "date_joined": "2019-06-26T13:14:16.256Z", "is_teacher": false, "is_student": true, "username": "Begimay Almazbek kizi", "username_en": "Begimay Almazbek kizi", "username_tr": null, "username_ky": "\u0411\u0435\u0433\u0438\u043c\u0430\u0439 \u0410\u043b\u043c\u0430\u0437\u0431\u0435\u043a \u043a\u044b\u0437\u044b", "groups": [], "user_permissions": []}}, {"model": "users.user", "pk": "1512.01903", "fields": {"password": "", "last_login": null, "is_superuser": false, "first_name": "", "last_name": "", "email": "", "is_staff": false, "is_active": true, "date_joined": "2019-06-26T13:14:58.260Z", "is_teacher": false, "is_student": true, "username": "Azem Sayimbekova", "username_en": "Azem Sayimbekova", "username_tr": null, "username_ky": "\u0410\u0437\u0435\u043c \u0428\u0430\u0439\u044b\u043c\u0431\u0435\u043a\u043e\u0432\u0430", "groups": [], "user_permissions": []}}, {"model": "users.user", "pk": "2", "fields": {"password": "", "last_login": null, "is_superuser": false, "first_name": "", "last_name": "", "email": "fahreddin.abdullayev@manas.edu.kg", "is_staff": false, "is_active": true, "date_joined": "2019-06-26T13:34:51.023Z", "is_teacher": true, "is_student": false, "username": "Fahreddin Abdullaev", "username_en": "Fahreddin Abdullaev", "username_tr": null, "username_ky": "\u0424\u0430\u0445\u0440\u0435\u0434\u0434\u0438\u043d \u0410\u0431\u0434\u0443\u043b\u043b\u0430\u0435\u0432", "groups": [], "user_permissions": []}}, {"model": "users.user", "pk": "3", "fields": {"password": "", "last_login": null, "is_superuser": false, "first_name": "", "last_name": "", "email": "dagistan.simsek@manas.edu.kg", "is_staff": false, "is_active": true, "date_joined": "2019-06-26T13:36:51.043Z", "is_teacher": true, "is_student": false, "username": "Dagistan Simsek", "username_en": "Dagistan Simsek", "username_tr": null, "username_ky": "\u0414\u0430\u0433\u044b\u0441\u0442\u0430\u043d \u0428\u0438\u043c\u0448\u0435\u043a", "groups": [], "user_permissions": []}}, {"model": "users.user", "pk": "4", "fields": {"password": "", "last_login": null, "is_superuser": false, "first_name": "", "last_name": "", "email": "meerim.imashkyzy@manas.edu.kg", "is_staff": false, "is_active": true, "date_joined": "2019-06-26T13:38:21.622Z", "is_teacher": true, "is_student": false, "username": "Meerim \u0130MA\u015e KIZI", "username_en": "Meerim \u0130MA\u015e KIZI", "username_tr": null, "username_ky": "\u041c\u044d\u044d\u0440\u0438\u043c \u0418\u043c\u0430\u0448 \u043a\u044b\u0437\u044b", "groups": [], "user_permissions": []}}, {"model": "users.user", "pk": "5", "fields": {"password": "", "last_login": null, "is_superuser": false, "first_name": "", "last_name": "", "email": "nazgul.adanbaeva@manas.edu.kg", "is_staff": false, "is_active": true, "date_joined": "2019-06-26T13:39:27.523Z", "is_teacher": true, "is_student": false, "username": "Nazg\u00fcl ADANBAYEVA", "username_en": "Nazg\u00fcl ADANBAYEVA", "username_tr": null, "username_ky": "\u041d\u0430\u0437\u0433\u04af\u043b \u0410\u0434\u0430\u043d\u0431\u0430\u0435\u0432\u0430", "groups": [], "user_permissions": []}}, {"model": "users.user", "pk": "6", "fields": {"password": "", "last_login": null, "is_superuser": false, "first_name": "", "last_name": "", "email": "gulshat.muhametjanova@manas.edu.kg", "is_staff": false, "is_active": true, "date_joined": "2019-06-26T13:40:27.479Z", "is_teacher": true, "is_student": false, "username": "G\u00fcl\u015fat MUHAMETJANOVA", "username_en": "G\u00fcl\u015fat MUHAMETJANOVA", "username_tr": null, "username_ky": "\u0413\u04af\u043b\u0448\u0430\u0442 \u041c\u0443\u0445\u0430\u043c\u0435\u0442\u0436\u0430\u043d\u043e\u0432\u0430", "groups": [], "user_permissions": []}}, {"model": "users.user", "pk": "7", "fields": {"password": "", "last_login": null, "is_superuser": false, "first_name": "", "last_name": "", "email": "ella.abilayeva@manas.edu.kg", "is_staff": false, "is_active": true, "date_joined": "2019-06-26T13:41:50.239Z", "is_teacher": true, "is_student": false, "username": "Ella ABILAYEVA", "username_en": "Ella ABILAYEVA", "username_tr": null, "username_ky": "\u042d\u043b\u043b\u0430 \u0410\u0431\u044b\u043b\u0430\u0435\u0432\u0430", "groups": [], "user_permissions": []}}, {"model": "users.teacher", "pk": "1", "fields": {"degree": "Prof.Dr.", "own_group": null, "phone": null, "address": ""}}, {"model": "users.teacher", "pk": "2", "fields": {"degree": "Prof.Dr.", "own_group": "UME-IV", "phone": null, "address": ""}}, {"model": "users.teacher", "pk": "3", "fields": {"degree": "Do\u00e7.Dr.", "own_group": null, "phone": null, "address": ""}}, {"model": "users.teacher", "pk": "4", "fields": {"degree": "Do\u00e7.Dr.", "own_group": null, "phone": null, "address": ""}}, {"model": "users.teacher", "pk": "5", "fields": {"degree": "Akademik Uzm.", "own_group": null, "phone": null, "address": ""}}, {"model": "users.teacher", "pk": "6", "fields": {"degree": "Yrd.Do\u00e7.Dr.", "own_group": null, "phone": null, "address": ""}}, {"model": "users.teacher", "pk": "7", "fields": {"degree": "Ara\u015f.G\u00f6r.", "own_group": "UME-III", "phone": null, "address": ""}}, {"model": "users.student", "pk": "1312.01008", "fields": {"course": "UME-IV", "phone": null, "father": null, "father_en": null, "father_tr": null, "father_ky": null, "mother": null, "mother_en": null, "mother_tr": null, "mother_ky": null, "address": null, "address_en": null, "address_tr": null, "address_ky": null, "home_address": null, "home_address_en": null, "home_address_tr": null, "home_address_ky": null, "lessons": ["MAT-231", "UME-333", "UME-335"]}}, {"model": "users.student", "pk": "1312.01010", "fields": {"course": "UME-IV", "phone": null, "father": null, "father_en": null, "father_tr": null, "father_ky": null, "mother": null, "mother_en": null, "mother_tr": null, "mother_ky": null, "address": null, "address_en": null, "address_tr": null, "address_ky": null, "home_address": null, "home_address_en": null, "home_address_tr": null, "home_address_ky": null, "lessons": ["MAT-132", "MAT-231", "MAT-233", "UME-335", "UME-337"]}}, {"model": "users.student", "pk": "1312.01014", "fields": {"course": "UME-IV", "phone": null, "father": null, "father_en": null, "father_tr": null, "father_ky": null, "mother": null, "mother_en": null, "mother_tr": null, "mother_ky": null, "address": null, "address_en": null, "address_tr": null, "address_ky": null, "home_address": null, "home_address_en": null, "home_address_tr": null, "home_address_ky": null, "lessons": ["MAT-132", "MAT-231"]}}, {"model": "users.student", "pk": "1412.01005", "fields": {"course": "UME-IV", "phone": null, "father": null, "father_en": null, "father_tr": null, "father_ky": null, "mother": null, "mother_en": null, "mother_tr": null, "mother_ky": null, "address": null, "address_en": null, "address_tr": null, "address_ky": null, "home_address": null, "home_address_en": null, "home_address_tr": null, "home_address_ky": null, "lessons": ["MAT-231", "UME-333", "UME-335", "UME-337"]}}, {"model": "users.student", "pk": "1412.01006", "fields": {"course": "UME-IV", "phone": null, "father": null, "father_en": null, "father_tr": null, "father_ky": null, "mother": null, "mother_en": null, "mother_tr": null, "mother_ky": null, "address": null, "address_en": null, "address_tr": null, "address_ky": null, "home_address": null, "home_address_en": null, "home_address_tr": null, "home_address_ky": null, "lessons": ["MAT-231", "MAT-233", "UME-333", "UME-337"]}}, {"model": "users.student", "pk": "1412.01007", "fields": {"course": "UME-IV", "phone": null, "father": null, "father_en": null, "father_tr": null, "father_ky": null, "mother": null, "mother_en": null, "mother_tr": null, "mother_ky": null, "address": null, "address_en": null, "address_tr": null, "address_ky": null, "home_address": null, "home_address_en": null, "home_address_tr": null, "home_address_ky": null, "lessons": ["MAT-231", "MAT-233", "UME-333", "UME-335", "UME-337"]}}, {"model": "users.student", "pk": "1412.01009", "fields": {"course": "UME-IV", "phone": null, "father": null, "father_en": null, "father_tr": null, "father_ky": null, "mother": null, "mother_en": null, "mother_tr": null, "mother_ky": null, "address": null, "address_en": null, "address_tr": null, "address_ky": null, "home_address": null, "home_address_en": null, "home_address_tr": null, "home_address_ky": null, "lessons": ["MAT-233", "UME-337"]}}, {"model": "users.student", "pk": "1412.01010", "fields": {"course": null, "phone": null, "father": null, "father_en": null, "father_tr": null, "father_ky": null, "mother": null, "mother_en": null, "mother_tr": null, "mother_ky": null, "address": null, "address_en": null, "address_tr": null, "address_ky": null, "home_address": null, "home_address_en": null, "home_address_tr": null, "home_address_ky": null, "lessons": ["MAT-231", "MAT-233", "UME-333", "UME-335", "UME-337"]}}, {"model": "main.post", "pk": 1, "fields": {"name": "Your advantages", "name_en": "Your advantages", "name_tr": null, "name_ky": "Your advantages", "annotation": ".", "annotation_en": ".", "annotation_tr": "", "annotation_ky": ".", "content": "<ul>\r\n\t<li><span style=\"color:#000000\">Mathematical Analysis</span></li>\r\n\t<li><span style=\"color:#000000\">Algebra and Number Theory</span></li>\r\n\t<li><span style=\"color:#000000\">Geometry and Topology</span></li>\r\n\t<li><span style=\"color:#000000\">Differential Equations</span></li>\r\n\t<li><span style=\"color:#000000\">Computer Science</span></li>\r\n\t<li><span style=\"color:#000000\">Numerical Methods</span></li>\r\n\t<li><span style=\"color:#000000\">Control Theory</span></li>\r\n\t<li><span style=\"color:#000000\">Fundamentals of Computation Paralleling Technology</span></li>\r\n\t<li><span style=\"color:#000000\">Data Analysis on Computer</span></li>\r\n\t<li><span style=\"color:#000000\">Computational Geometry</span></li>\r\n\t<li><span style=\"color:#000000\">Applied Theory of Dynamical Systems, Extremal Problems</span></li>\r\n\t<li><span style=\"color:#000000\">Dynamics and Oscillation Control in Systems and Networks</span></li>\r\n\t<li><span style=\"color:#000000\">Software Development Quality Management</span></li>\r\n\t<li><span style=\"color:#000000\">Applied Cybernetics</span></li>\r\n\t<li><span style=\"color:#000000\">Modern Methods of Chaotic Dynamics</span></li>\r\n\t<li><span style=\"color:#000000\">Monte Carlo Numerical Methods</span></li>\r\n\t<li><span style=\"color:#000000\">Game Theory</span></li>\r\n\t<li><span style=\"color:#000000\">Network Optimisation Problems</span></li>\r\n\t<li><span style=\"color:#000000\">Comparative Analysis of Programming Languages</span></li>\r\n\t<li><span style=\"color:#000000\">IT-Project Management</span></li>\r\n\t<li><span style=\"color:#000000\">C++ Programming</span></li>\r\n\t<li><span style=\"color:#000000\">Object-Oriented Programming</span></li>\r\n\t<li><span style=\"color:#000000\">Applied Programming</span></li>\r\n\t<li><span style=\"color:#000000\">Regularisation Methods of Unstable Problems</span></li>\r\n\t<li><span style=\"color:#000000\">Mathematical Methods of Information Processing in Control and Communication Systems</span></li>\r\n\t<li><span style=\"color:#000000\">Actuarial Mathematics</span></li>\r\n</ul>\r\n\r\n<p><img alt=\"\" src=\"/media/uploads/2019/06/27/img_0886.JPG\" style=\"height:626px; width:834px\" /></p>\r\n\r\n<p><span style=\"color:#000000\"><strong>Our advantages</strong></span></p>\r\n\r\n<ul>\r\n\t<li><span style=\"color:#000000\">The programme is designed to train specialists who are ready for: setting and solving theoretical and practical problems in the field of applied mathematics and computer science; applying advanced mathematical methods and software; using software packages; and analysing and combining classical and advanced mathematical methods;</span></li>\r\n\t<li><span style=\"color:#000000\">Main research areas: high-performance computing methods; nonlinear dynamics, computer science and control; information management and processing in cybernetic and robotic systems; operations research and decision making in optimisation, control and economics; and computational stochastics and statistical models;</span></li>\r\n\t<li><span style=\"color:#000000\">The programme is interdisciplinary and continues the best traditions of the St Petersburg Mathematical School. An in-depth analysis of various problems in engineering, physics, economics, ecology and medicine is carried out along with the development of a strong mathematical approach to solving applied problems;</span></li>\r\n\t<li><span style=\"color:#000000\">Students can have practical training at the IT clinic;</span></li>\r\n\t<li><span style=\"color:#000000\">The programme is implemented with the assistance of the educational programme Council.</span></li>\r\n</ul>\r\n\r\n<p><span style=\"color:#000000\"><strong>Career</strong></span></p>\r\n\r\n<p><span style=\"color:#000000\">The programme prepares specialists who carry out practical work to apply methods of applied mathematics and computer technologies in</span></p>\r\n\r\n<p><span style=\"color:#000000\">creating, analysing and using mathematical models of processes and objects for solving problems of science, technology, economics and</span></p>\r\n\r\n<p><span style=\"color:#000000\">management.</span></p>\r\n\r\n<p><span style=\"color:#000000\"><strong>Professions</strong></span></p>\r\n\r\n<ul>\r\n\t<li><span style=\"color:#000000\">Software developer</span></li>\r\n\t<li><span style=\"color:#000000\">Research worker</span></li>\r\n\t<li><span style=\"color:#000000\">Analyst</span></li>\r\n\t<li><span style=\"color:#000000\">Statistician</span></li>\r\n\t<li><span style=\"color:#000000\">Programmer-analyst</span></li>\r\n\t<li><span style=\"color:#000000\">Teacher (teaching activity in primary general, basic general, secondary general education)</span></li>\r\n\t<li><span style=\"color:#000000\">Teacher of additional education for children and adults</span></li>\r\n</ul>", "content_en": "<ul>\r\n\t<li><span style=\"color:#000000\">Mathematical Analysis</span></li>\r\n\t<li><span style=\"color:#000000\">Algebra and Number Theory</span></li>\r\n\t<li><span style=\"color:#000000\">Geometry and Topology</span></li>\r\n\t<li><span style=\"color:#000000\">Differential Equations</span></li>\r\n\t<li><span style=\"color:#000000\">Computer Science</span></li>\r\n\t<li><span style=\"color:#000000\">Numerical Methods</span></li>\r\n\t<li><span style=\"color:#000000\">Control Theory</span></li>\r\n\t<li><span style=\"color:#000000\">Fundamentals of Computation Paralleling Technology</span></li>\r\n\t<li><span style=\"color:#000000\">Data Analysis on Computer</span></li>\r\n\t<li><span style=\"color:#000000\">Computational Geometry</span></li>\r\n\t<li><span style=\"color:#000000\">Applied Theory of Dynamical Systems, Extremal Problems</span></li>\r\n\t<li><span style=\"color:#000000\">Dynamics and Oscillation Control in Systems and Networks</span></li>\r\n\t<li><span style=\"color:#000000\">Software Development Quality Management</span></li>\r\n\t<li><span style=\"color:#000000\">Applied Cybernetics</span></li>\r\n\t<li><span style=\"color:#000000\">Modern Methods of Chaotic Dynamics</span></li>\r\n\t<li><span style=\"color:#000000\">Monte Carlo Numerical Methods</span></li>\r\n\t<li><span style=\"color:#000000\">Game Theory</span></li>\r\n\t<li><span style=\"color:#000000\">Network Optimisation Problems</span></li>\r\n\t<li><span style=\"color:#000000\">Comparative Analysis of Programming Languages</span></li>\r\n\t<li><span style=\"color:#000000\">IT-Project Management</span></li>\r\n\t<li><span style=\"color:#000000\">C++ Programming</span></li>\r\n\t<li><span style=\"color:#000000\">Object-Oriented Programming</span></li>\r\n\t<li><span style=\"color:#000000\">Applied Programming</span></li>\r\n\t<li><span style=\"color:#000000\">Regularisation Methods of Unstable Problems</span></li>\r\n\t<li><span style=\"color:#000000\">Mathematical Methods of Information Processing in Control and Communication Systems</span></li>\r\n\t<li><span style=\"color:#000000\">Actuarial Mathematics</span></li>\r\n</ul>\r\n\r\n<p><img alt=\"\" src=\"/media/uploads/2019/06/27/img_0886.JPG\" style=\"height:626px; width:834px\" /></p>\r\n\r\n<p><span style=\"color:#000000\"><strong>Our advantages</strong></span></p>\r\n\r\n<ul>\r\n\t<li><span style=\"color:#000000\">The programme is designed to train specialists who are ready for: setting and solving theoretical and practical problems in the field of applied mathematics and computer science; applying advanced mathematical methods and software; using software packages; and analysing and combining classical and advanced mathematical methods;</span></li>\r\n\t<li><span style=\"color:#000000\">Main research areas: high-performance computing methods; nonlinear dynamics, computer science and control; information management and processing in cybernetic and robotic systems; operations research and decision making in optimisation, control and economics; and computational stochastics and statistical models;</span></li>\r\n\t<li><span style=\"color:#000000\">The programme is interdisciplinary and continues the best traditions of the St Petersburg Mathematical School. An in-depth analysis of various problems in engineering, physics, economics, ecology and medicine is carried out along with the development of a strong mathematical approach to solving applied problems;</span></li>\r\n\t<li><span style=\"color:#000000\">Students can have practical training at the IT clinic;</span></li>\r\n\t<li><span style=\"color:#000000\">The programme is implemented with the assistance of the educational programme Council.</span></li>\r\n</ul>\r\n\r\n<p><span style=\"color:#000000\"><strong>Career</strong></span></p>\r\n\r\n<p><span style=\"color:#000000\">The programme prepares specialists who carry out practical work to apply methods of applied mathematics and computer technologies in</span></p>\r\n\r\n<p><span style=\"color:#000000\">creating, analysing and using mathematical models of processes and objects for solving problems of science, technology, economics and</span></p>\r\n\r\n<p><span style=\"color:#000000\">management.</span></p>\r\n\r\n<p><span style=\"color:#000000\"><strong>Professions</strong></span></p>\r\n\r\n<ul>\r\n\t<li><span style=\"color:#000000\">Software developer</span></li>\r\n\t<li><span style=\"color:#000000\">Research worker</span></li>\r\n\t<li><span style=\"color:#000000\">Analyst</span></li>\r\n\t<li><span style=\"color:#000000\">Statistician</span></li>\r\n\t<li><span style=\"color:#000000\">Programmer-analyst</span></li>\r\n\t<li><span style=\"color:#000000\">Teacher (teaching activity in primary general, basic general, secondary general education)</span></li>\r\n\t<li><span style=\"color:#000000\">Teacher of additional education for children and adults</span></li>\r\n</ul>", "content_tr": "", "content_ky": "<ul>\r\n\t<li><span style=\"color:#000000\">Mathematical Analysis</span></li>\r\n\t<li><span style=\"color:#000000\">Algebra and Number Theory</span></li>\r\n\t<li><span style=\"color:#000000\">Geometry and Topology</span></li>\r\n\t<li><span style=\"color:#000000\">Differential Equations</span></li>\r\n\t<li><span style=\"color:#000000\">Computer Science</span></li>\r\n\t<li><span style=\"color:#000000\">Numerical Methods</span></li>\r\n\t<li><span style=\"color:#000000\">Control Theory</span></li>\r\n\t<li><span style=\"color:#000000\">Fundamentals of Computation Paralleling Technology</span></li>\r\n\t<li><span style=\"color:#000000\">Data Analysis on Computer</span></li>\r\n\t<li><span style=\"color:#000000\">Computational Geometry</span></li>\r\n\t<li><span style=\"color:#000000\">Applied Theory of Dynamical Systems, Extremal Problems</span></li>\r\n\t<li><span style=\"color:#000000\">Dynamics and Oscillation Control in Systems and Networks</span></li>\r\n\t<li><span style=\"color:#000000\">Software Development Quality Management</span></li>\r\n\t<li><span style=\"color:#000000\">Applied Cybernetics</span></li>\r\n\t<li><span style=\"color:#000000\">Modern Methods of Chaotic Dynamics</span></li>\r\n\t<li><span style=\"color:#000000\">Monte Carlo Numerical Methods</span></li>\r\n\t<li><span style=\"color:#000000\">Game Theory</span></li>\r\n\t<li><span style=\"color:#000000\">Network Optimisation Problems</span></li>\r\n\t<li><span style=\"color:#000000\">Comparative Analysis of Programming Languages</span></li>\r\n\t<li><span style=\"color:#000000\">IT-Project Management</span></li>\r\n\t<li><span style=\"color:#000000\">C++ Programming</span></li>\r\n\t<li><span style=\"color:#000000\">Object-Oriented Programming</span></li>\r\n\t<li><span style=\"color:#000000\">Applied Programming</span></li>\r\n\t<li><span style=\"color:#000000\">Regularisation Methods of Unstable Problems</span></li>\r\n\t<li><span style=\"color:#000000\">Mathematical Methods of Information Processing in Control and Communication Systems</span></li>\r\n\t<li><span style=\"color:#000000\">Actuarial Mathematics</span></li>\r\n</ul>\r\n\r\n<p><img alt=\"\" src=\"/media/uploads/2019/06/27/img_0886.JPG\" style=\"height:626px; width:834px\" /></p>\r\n\r\n<p><span style=\"color:#000000\"><strong>Our advantages</strong></span></p>\r\n\r\n<ul>\r\n\t<li><span style=\"color:#000000\">The programme is designed to train specialists who are ready for: setting and solving theoretical and practical problems in the field of applied mathematics and computer science; applying advanced mathematical methods and software; using software packages; and analysing and combining classical and advanced mathematical methods;</span></li>\r\n\t<li><span style=\"color:#000000\">Main research areas: high-performance computing methods; nonlinear dynamics, computer science and control; information management and processing in cybernetic and robotic systems; operations research and decision making in optimisation, control and economics; and computational stochastics and statistical models;</span></li>\r\n\t<li><span style=\"color:#000000\">The programme is interdisciplinary and continues the best traditions of the St Petersburg Mathematical School. An in-depth analysis of various problems in engineering, physics, economics, ecology and medicine is carried out along with the development of a strong mathematical approach to solving applied problems;</span></li>\r\n\t<li><span style=\"color:#000000\">Students can have practical training at the IT clinic;</span></li>\r\n\t<li><span style=\"color:#000000\">The programme is implemented with the assistance of the educational programme Council.</span></li>\r\n</ul>\r\n\r\n<p><span style=\"color:#000000\"><strong>Career</strong></span></p>\r\n\r\n<p><span style=\"color:#000000\">The programme prepares specialists who carry out practical work to apply methods of applied mathematics and computer technologies in</span></p>\r\n\r\n<p><span style=\"color:#000000\">creating, analysing and using mathematical models of processes and objects for solving problems of science, technology, economics and</span></p>\r\n\r\n<p><span style=\"color:#000000\">management.</span></p>\r\n\r\n<div class=\"parallax\" style=\"backgraund-image:url('/media/uploads/2019/06/27/lab.JPG')\">&nbsp;</div>\r\n\r\n<p><span style=\"color:#000000\"><strong>Professions</strong></span></p>\r\n\r\n<ul>\r\n\t<li><span style=\"color:#000000\">Software developer</span></li>\r\n\t<li><span style=\"color:#000000\">Research worker</span></li>\r\n\t<li><span style=\"color:#000000\">Analyst</span></li>\r\n\t<li><span style=\"color:#000000\">Statistician</span></li>\r\n\t<li><span style=\"color:#000000\">Programmer-analyst</span></li>\r\n\t<li><span style=\"color:#000000\">Teacher (teaching activity in primary general, basic general, secondary general education)</span></li>\r\n\t<li><span style=\"color:#000000\">Teacher of additional education for children and adults</span></li>\r\n</ul>", "author": "1312.01010", "date": "2019-06-27T18:41:29.545Z"}}, {"model": "main.post", "pk": 2, "fields": {"name": "About us", "name_en": "About us", "name_tr": null, "name_ky": "About us", "annotation": "Stay with professionals", "annotation_en": "Stay with professionals", "annotation_tr": "", "annotation_ky": "Stay with professionals", "content": "<h2><span style=\"font-size:16.25px\">Two skills with one license</span></h2>\r\n\r\n<table align=\"center\" border=\"0\" cellpadding=\"1\" cellspacing=\"1\" style=\"width:1200px\">\r\n\t<tbody>\r\n\t\t<tr>\r\n\t\t\t<td>\r\n\t\t\t<p style=\"margin-left:40px; text-align:center\">&nbsp;<img alt=\"\" src=\"/media/uploads/2019/06/27/math.jfif\" style=\"height:168px; width:300px\" /></p>\r\n\r\n\t\t\t<h3 style=\"text-align:center\"><big><span style=\"font-size:16px\"><small>APPLIED MATHEMATICS</small></span></big></h3>\r\n\r\n\t\t\t<p style=\"text-align:center\">Mathematics is one of the oldest science in the world</p>\r\n\r\n\t\t\t<p style=\"text-align:justify\">Mathematicians seek and use&nbsp;<a href=\"https://en.wikipedia.org/wiki/Patterns\" title=\"Patterns\">patterns</a>&nbsp;to formulate new&nbsp;<a href=\"https://en.wikipedia.org/wiki/Conjecture\" title=\"Conjecture\">conjectures</a>; they resolve the truth or falsity of conjectures by&nbsp;<a href=\"https://en.wikipedia.org/wiki/Mathematical_proof\" title=\"Mathematical proof\">mathematical proof</a>. When mathematical structures are good models of real phenomena, then mathematical reasoning can provide insight or predictions about nature. Through the use of&nbsp;<a href=\"https://en.wikipedia.org/wiki/Abstraction_(mathematics)\" title=\"Abstraction (mathematics)\">abstraction</a>&nbsp;and&nbsp;<a href=\"https://en.wikipedia.org/wiki/Logic\" title=\"Logic\">logic</a>, mathematics developed from&nbsp;<a href=\"https://en.wikipedia.org/wiki/Counting\" title=\"Counting\">counting</a>,&nbsp;<a href=\"https://en.wikipedia.org/wiki/Calculation\" title=\"Calculation\">calculation</a>,&nbsp;<a href=\"https://en.wikipedia.org/wiki/Measurement\" title=\"Measurement\">measurement</a>, and the systematic study of the&nbsp;<a href=\"https://en.wikipedia.org/wiki/Shape\" title=\"Shape\">shapes</a>&nbsp;and&nbsp;<a href=\"https://en.wikipedia.org/wiki/Motion_(physics)\" title=\"Motion (physics)\">motions</a>&nbsp;of physical objects. Practical mathematics has been a human activity from as far back as&nbsp;<a href=\"https://en.wikipedia.org/wiki/History_of_Mathematics\" title=\"History of Mathematics\">written records</a>exist. The research required to solve mathematical problems can take years or even centuries of sustained inquiry.</p>\r\n\t\t\t</td>\r\n\t\t\t<td>\r\n\t\t\t<p style=\"text-align:center\"><img alt=\"\" src=\"/media/uploads/2019/06/27/inform.jfif\" style=\"height:168px; width:300px\" /></p>\r\n\r\n\t\t\t<h3 style=\"text-align:center\"><span style=\"font-size:12.675px\">INFORMATICS</span></h3>\r\n\r\n\t\t\t<p style=\"text-align:center\"><strong>Informatics</strong>&nbsp;is a branch of&nbsp;<a href=\"https://en.wikipedia.org/wiki/Information_engineering_(field)\" title=\"Information engineering (field)\">information engineering</a>.</p>\r\n\r\n\t\t\t<p style=\"text-align:justify\">It involves the practice of&nbsp;<a href=\"https://en.wikipedia.org/wiki/Information_processing\" title=\"Information processing\">information processing</a>&nbsp;and the engineering of&nbsp;<a href=\"https://en.wikipedia.org/wiki/Information_system\" title=\"Information system\">information systems</a>, and as an&nbsp;<a href=\"https://en.wikipedia.org/wiki/Discipline_(academia)\" title=\"Discipline (academia)\">academic field</a>&nbsp;it is an&nbsp;<a href=\"https://en.wikipedia.org/wiki/Applied_science\" title=\"Applied science\">applied</a>&nbsp;form of&nbsp;<a href=\"https://en.wikipedia.org/wiki/Information_science\" title=\"Information science\">information science</a>. The field considers the interaction between humans and information alongside the construction of interfaces, organisations, technologies and systems. As such, the field of informatics has great breadth and encompasses many subspecialties, including disciplines of&nbsp;<a href=\"https://en.wikipedia.org/wiki/Computer_science\" title=\"Computer science\">computer science</a>,&nbsp;<a href=\"https://en.wikipedia.org/wiki/Information_systems\" title=\"Information systems\">information systems</a>,&nbsp;<a href=\"https://en.wikipedia.org/wiki/Information_technology\" title=\"Information technology\">information technology</a>and&nbsp;<a href=\"https://en.wikipedia.org/wiki/Statistics\" title=\"Statistics\">statistics</a>. Since the advent of computers, individuals and organizations increasingly process information digitally. This has led to the study of informatics with computational, mathematical, biological, cognitive and social aspects, including study of the social impact of information technologies.</p>\r\n\t\t\t</td>\r\n\t\t</tr>\r\n\t</tbody>\r\n</table>", "content_en": "<h2><span style=\"font-size:16.25px\">Two skills with one license</span></h2>\r\n\r\n<table align=\"center\" border=\"0\" cellpadding=\"1\" cellspacing=\"1\" style=\"width:1200px\">\r\n\t<tbody>\r\n\t\t<tr>\r\n\t\t\t<td>\r\n\t\t\t<p style=\"margin-left:40px; text-align:center\">&nbsp;<img alt=\"\" src=\"/media/uploads/2019/06/27/math.jfif\" style=\"height:168px; width:300px\" /></p>\r\n\r\n\t\t\t<h3 style=\"text-align:center\"><big><span style=\"font-size:16px\"><small>APPLIED MATHEMATICS</small></span></big></h3>\r\n\r\n\t\t\t<p style=\"text-align:center\">Mathematics is one of the oldest science in the world</p>\r\n\r\n\t\t\t<p style=\"text-align:justify\">Mathematicians seek and use&nbsp;<a href=\"https://en.wikipedia.org/wiki/Patterns\" title=\"Patterns\">patterns</a>&nbsp;to formulate new&nbsp;<a href=\"https://en.wikipedia.org/wiki/Conjecture\" title=\"Conjecture\">conjectures</a>; they resolve the truth or falsity of conjectures by&nbsp;<a href=\"https://en.wikipedia.org/wiki/Mathematical_proof\" title=\"Mathematical proof\">mathematical proof</a>. When mathematical structures are good models of real phenomena, then mathematical reasoning can provide insight or predictions about nature. Through the use of&nbsp;<a href=\"https://en.wikipedia.org/wiki/Abstraction_(mathematics)\" title=\"Abstraction (mathematics)\">abstraction</a>&nbsp;and&nbsp;<a href=\"https://en.wikipedia.org/wiki/Logic\" title=\"Logic\">logic</a>, mathematics developed from&nbsp;<a href=\"https://en.wikipedia.org/wiki/Counting\" title=\"Counting\">counting</a>,&nbsp;<a href=\"https://en.wikipedia.org/wiki/Calculation\" title=\"Calculation\">calculation</a>,&nbsp;<a href=\"https://en.wikipedia.org/wiki/Measurement\" title=\"Measurement\">measurement</a>, and the systematic study of the&nbsp;<a href=\"https://en.wikipedia.org/wiki/Shape\" title=\"Shape\">shapes</a>&nbsp;and&nbsp;<a href=\"https://en.wikipedia.org/wiki/Motion_(physics)\" title=\"Motion (physics)\">motions</a>&nbsp;of physical objects. Practical mathematics has been a human activity from as far back as&nbsp;<a href=\"https://en.wikipedia.org/wiki/History_of_Mathematics\" title=\"History of Mathematics\">written records</a>exist. The research required to solve mathematical problems can take years or even centuries of sustained inquiry.</p>\r\n\t\t\t</td>\r\n\t\t\t<td>\r\n\t\t\t<p style=\"text-align:center\"><img alt=\"\" src=\"/media/uploads/2019/06/27/inform.jfif\" style=\"height:168px; width:300px\" /></p>\r\n\r\n\t\t\t<h3 style=\"text-align:center\"><span style=\"font-size:12.675px\">INFORMATICS</span></h3>\r\n\r\n\t\t\t<p style=\"text-align:center\"><strong>Informatics</strong>&nbsp;is a branch of&nbsp;<a href=\"https://en.wikipedia.org/wiki/Information_engineering_(field)\" title=\"Information engineering (field)\">information engineering</a>.</p>\r\n\r\n\t\t\t<p style=\"text-align:justify\">It involves the practice of&nbsp;<a href=\"https://en.wikipedia.org/wiki/Information_processing\" title=\"Information processing\">information processing</a>&nbsp;and the engineering of&nbsp;<a href=\"https://en.wikipedia.org/wiki/Information_system\" title=\"Information system\">information systems</a>, and as an&nbsp;<a href=\"https://en.wikipedia.org/wiki/Discipline_(academia)\" title=\"Discipline (academia)\">academic field</a>&nbsp;it is an&nbsp;<a href=\"https://en.wikipedia.org/wiki/Applied_science\" title=\"Applied science\">applied</a>&nbsp;form of&nbsp;<a href=\"https://en.wikipedia.org/wiki/Information_science\" title=\"Information science\">information science</a>. The field considers the interaction between humans and information alongside the construction of interfaces, organisations, technologies and systems. As such, the field of informatics has great breadth and encompasses many subspecialties, including disciplines of&nbsp;<a href=\"https://en.wikipedia.org/wiki/Computer_science\" title=\"Computer science\">computer science</a>,&nbsp;<a href=\"https://en.wikipedia.org/wiki/Information_systems\" title=\"Information systems\">information systems</a>,&nbsp;<a href=\"https://en.wikipedia.org/wiki/Information_technology\" title=\"Information technology\">information technology</a>and&nbsp;<a href=\"https://en.wikipedia.org/wiki/Statistics\" title=\"Statistics\">statistics</a>. Since the advent of computers, individuals and organizations increasingly process information digitally. This has led to the study of informatics with computational, mathematical, biological, cognitive and social aspects, including study of the social impact of information technologies.</p>\r\n\t\t\t</td>\r\n\t\t</tr>\r\n\t</tbody>\r\n</table>", "content_tr": "", "content_ky": "<h2><span style=\"font-size:16.25px\">\u0411\u0438\u0440 \u0434\u0438\u043f\u043b\u043e\u043c \u043c\u0435\u043d\u0435\u043d \u044d\u043a\u0438 \u0430\u0434\u0438\u0441\u0442\u0438\u043a</span></h2>\r\n\r\n<table align=\"center\" border=\"0\" cellpadding=\"1\" cellspacing=\"1\" style=\"width:1200px\">\r\n\t<tbody>\r\n\t\t<tr>\r\n\t\t\t<td>\r\n\t\t\t<p style=\"margin-left:40px; text-align:center\"><img alt=\"\" src=\"/media/uploads/2019/06/27/math.jfif\" style=\"height:168px; width:300px\" /></p>\r\n\r\n\t\t\t<h3 style=\"text-align:center\"><span style=\"color:#000000\"><big><span style=\"font-size:16px\"><small>\u041a\u043e\u043b\u0434\u043e\u043d\u043c\u043e \u043c\u0430\u0442\u0435\u043c\u0430\u0442\u0438\u043a\u0430</small></span></big></span></h3>\r\n\r\n\t\t\t<p style=\"text-align:center\"><span style=\"color:#000000\">\u041c\u0430\u0442\u0435\u043c\u0430\u0442\u0438\u043a\u0430 \u0434\u04af\u0439\u043d\u04e9\u0434\u04e9\u0433\u04af \u044d\u04a3 \u0431\u0430\u0439\u044b\u0440\u043a\u044b \u0438\u043b\u0438\u043c\u0434\u0435\u0440\u0434\u0438\u043d \u0431\u0438\u0440\u0438</span></p>\r\n\r\n\t\t\t<p style=\"text-align:justify\"><span style=\"color:#000000\"><strong>\u041c\u0430\u0442\u0435\u043c\u0430\u0442\u0438\u043a\u0430</strong>&nbsp;(</span><a href=\"https://ky.wikipedia.org/wiki/%D0%93%D1%80%D0%B5%D0%BA_%D1%82%D0%B8%D0%BB%D0%B8\" title=\"\u0413\u0440\u0435\u043a \u0442\u0438\u043b\u0438\"><span style=\"color:#000000\">\u0433\u0440\u0435\u043a\u0447\u0435</span></a><span style=\"color:#000000\">:&nbsp;&mu;\u03ac&theta;&eta;&mu;&alpha;&nbsp;&mdash;&nbsp;<em>\u0438\u043b\u0438\u043c</em>,&nbsp;<em>\u0431\u0438\u043b\u0438\u043c</em>,&nbsp;<em>\u043e\u043a\u0443\u0443</em>;&nbsp;</span><a href=\"https://ky.wikipedia.org/wiki/%D0%93%D1%80%D0%B5%D0%BA_%D1%82%D0%B8%D0%BB%D0%B8\" title=\"\u0413\u0440\u0435\u043a \u0442\u0438\u043b\u0438\"><span style=\"color:#000000\">\u0433\u0440\u0435\u043a\u0447\u0435</span></a><span style=\"color:#000000\">:&nbsp;<em>&mu;&alpha;&theta;&eta;&mu;&alpha;&tau;&iota;&kappa;\u03cc&sigmaf;</em>&nbsp;&mdash;&nbsp;<em>\u0431\u0438\u043b\u04af\u04af\u0433\u04e9 \u043a\u0443\u0448\u0442\u0430\u0440\u043b\u044b\u043a</em>) &mdash; \u043a\u0430\u043d\u0434\u0430\u0439\u0434\u044b\u0440 \u0431\u0438\u0440 \u0430\u0430\u043b\u0430\u043c\u0434\u044b\u043d \u0441\u0430\u043d\u0434\u044b\u043a \u043a\u0430\u0442\u043d\u0430\u0448\u0442\u0430\u0440\u044b \u043c\u0435\u043d\u0435\u043d \u043a\u0435\u04a3\u0438\u0448\u0442\u0438\u043a\u0442\u0438\u043a \u0444\u043e\u0440\u043c\u0430\u043b\u0430\u0440\u044b, \u0430\u043d\u044b\u043d \u0438\u0447\u0438\u043d\u0434\u0435 &mdash; \u0441\u0442\u0440\u0443\u043a\u0442\u0443\u0440\u0430\u043b\u0430\u0440, \u04e9\u0437\u0433\u04e9\u0440\u04af\u0448\u0442\u04e9\u0440, \u0431\u0435\u043b\u0433\u0438\u0441\u0438\u0437\u0434\u0438\u043a \u0436\u04e9\u043d\u04af\u043d\u0434\u04e9\u0433\u04af&nbsp;</span><a href=\"https://ky.wikipedia.org/wiki/%D0%98%D0%BB%D0%B8%D0%BC\" title=\"\u0418\u043b\u0438\u043c\"><span style=\"color:#000000\">\u0438\u043b\u0438\u043c</span></a><span style=\"color:#000000\">. \u0410\u043b \u0430\u0431\u0441\u0442\u0440\u0430\u043a\u0442\u0430\u0448\u0442\u044b\u0440\u0443\u0443 \u0436\u0430\u043d\u0430 \u043b\u043e\u0433\u0438\u043a\u0430\u043b\u044b\u043a \u043a\u043e\u0440\u0443\u0442\u0443\u043d\u0434\u0443\u0443\u043b\u043e\u043e,&nbsp;</span><a href=\"https://ky.wikipedia.org/wiki/%D0%AD%D1%81%D0%B5%D0%BF%D1%82%D3%A9%D3%A9\" title=\"\u042d\u0441\u0435\u043f\u0442\u04e9\u04e9\"><span style=\"color:#000000\">\u044d\u0441\u0435\u043f\u0442\u04e9\u04e9</span></a><span style=\"color:#000000\">, \u0441\u0430\u043d\u043e\u043e,&nbsp;</span><a href=\"https://ky.wikipedia.org/w/index.php?title=%D0%A7%D0%B5%D0%BD%D3%A9%D3%A9&amp;action=edit&amp;redlink=1\" title=\"\u0427\u0435\u043d\u04e9\u04e9 (\u043c\u044b\u043d\u0434\u0430\u0439 \u0431\u0430\u0440\u0430\u043a \u0436\u043e\u043a)\"><span style=\"color:#000000\">\u0447\u0435\u043d\u04e9\u04e9</span></a><span style=\"color:#000000\">&nbsp;\u0436\u0430\u043d\u0430 \u0444\u0438\u0437\u0438\u043a\u0430\u043b\u044b\u043a \u043d\u0435\u0440\u0441\u0435\u043b\u0435\u0440\u0434\u0438 \u0436\u04af\u0439\u04e9\u043b\u04af\u04af \u0442\u04af\u0440\u0434\u04e9 \u043e\u0440\u043d\u0443\u043a\u0442\u0443\u0440\u0443\u0443, \u0431\u0435\u0439\u043d\u0435\u043b\u04e9\u04e9 \u043c\u0435\u043d\u0435\u043d \u04e9\u0437\u0433\u04e9\u0440\u04af\u0448\u0442\u04e9\u0440\u0434\u04af \u043e\u043a\u0443\u0442\u0443\u0443 \u0430\u0440\u043a\u044b\u043b\u0443\u0443 \u043a\u04e9\u0440\u04af\u043d\u04af\u0448 \u0442\u0430\u0431\u0430\u0442.</span></p>\r\n\r\n\t\t\t<ol>\r\n\t\t\t\t<li style=\"text-align:justify\"><span style=\"color:#000000\">\u0447\u044b\u043d\u044b\u0433\u044b \u0434\u04af\u0439\u043d\u04e9\u043d\u04af\u043d \u0441\u0430\u043d\u0434\u0443\u0443 \u043a\u0430\u0442\u043d\u0430\u0448\u0442\u0430\u0440\u044b \u0436\u0430\u043d\u0430 \u043c\u0435\u0439\u043a\u0438\u043d\u0434\u0438\u043a \u0444\u043e\u0440\u043c\u0430\u043b\u0430\u0440\u044b \u0436\u04e9\u043d\u04af\u043d\u0434\u04e9\u0433\u04af \u0438\u043b\u0438\u043c;</span></li>\r\n\t\t\t\t<li style=\"text-align:justify\"><span style=\"color:#000000\">\u041c\u0430\u0442\u0435\u043c\u0430\u0442\u0438\u043a\u0430 \u0438\u043b\u0438\u043c\u0438\u043d\u0438\u043d \u0442\u0435\u043e\u0440\u0438\u044f\u043b\u044b\u043a \u043d\u0435\u0433\u0438\u0437\u0434\u0435\u0440\u0438\u043d \u043a\u0430\u043c\u0442\u044b\u0433\u0430\u043d \u043e\u043a\u0443\u0443 \u043f\u0440\u0435\u0434\u043c\u0435\u0442\u0438.</span></li>\r\n\t\t\t</ol>\r\n\r\n\t\t\t<p style=\"text-align:justify\"><span style=\"color:#000000\">\u041c\u0430\u0442\u0435\u043c\u0430\u0442\u0438\u043a\u0430\u0434\u0430 \u043a\u04e9\u043f\u0442\u04e9\u0433\u04e9\u043d, \u0430\u0440-\u0442\u04af\u0440\u0434\u04af\u04af \u0444\u043e\u0440\u043c\u0443\u043b\u0430\u043b\u0430\u0440 \u0431\u0430\u0440.</span></p>\r\n\t\t\t</td>\r\n\t\t\t<td>\r\n\t\t\t<p style=\"text-align:center\"><img alt=\"\" src=\"/media/uploads/2019/06/27/inform.jfif\" style=\"height:168px; width:300px\" /></p>\r\n\r\n\t\t\t<h3 style=\"text-align:center\"><span style=\"color:#000000\"><span style=\"font-size:12.675px\">\u0418\u043d\u0444\u043e\u0440\u043c\u0430\u0442\u0438\u043a\u0430</span></span></h3>\r\n\r\n\t\t\t<p style=\"text-align:center\"><span style=\"color:#000000\">\u0438\u043d\u0444\u043e\u0440\u043c\u0430\u0442\u0438\u043a\u0430 \u0431\u0443\u043b \u043c\u0430\u0430\u043b\u044b\u043c\u0430\u0442\u0442\u044b \u0431\u0430\u0448\u043a\u0430\u0440\u0443\u0443\u043d\u0443 \u04af\u0439\u0440\u04e9\u0442\u043a\u04e9\u043d \u0438\u043b\u0438\u043c</span></p>\r\n\r\n\t\t\t<p style=\"text-align:justify\"><span style=\"color:#000000\">\u0427\u044b\u043d\u044b\u043d\u0434\u0430 \u0438\u043d\u0444\u043e\u0440\u043c\u0430\u0442\u0438\u043a\u0430\u0434\u0430 \u043a\u043e\u043c\u043f\u044c\u044e\u0442\u0435\u0440\u0434\u0435\u043d \u0431\u0430\u0448\u043a\u0430 \u0442\u043e\u043b\u0443\u043f \u0436\u0430\u0442\u043a\u0430\u043d \u043a\u044b\u0437\u044b\u043a\u0442\u0443\u0443 \u043d\u0435\u0440\u0441\u0435\u043b\u0435\u0440 \u0431\u0430\u0440. \u0411\u0438\u0440\u043d\u0447\u0438\u0434\u0435\u043d, &laquo;\u0438\u043d\u0444\u043e\u0440\u043c\u0430\u0442\u0438\u043a\u0430&raquo; \u0436\u0430\u043d\u0430 &laquo;\u0438\u043d\u0444\u043e\u0440\u043c\u0430\u0446\u0438\u044f\u043b\u044b\u043a \u0442\u0435\u0445\u043d\u043e\u043b\u043e\u0433\u0438\u044f\u043b\u0430\u0440&raquo; \u0434\u0435\u0433\u0435\u043d \u044d\u043a\u0438 \u0442\u04af\u0448\u04af\u043d\u04af\u043a\u0442\u04af \u044d\u043a\u0438\u0433\u0435 \u0430\u0439\u0440\u044b\u043f \u043a\u0430\u0440\u043e\u043e \u043a\u0435\u0440\u0435\u043a. \u0418\u043d\u0444\u043e\u0440\u043c\u0430\u0442\u0438\u043a\u0430&nbsp;</span><a href=\"https://ky.wikibooks.org/w/index.php?title=%D0%A2%D0%B5%D1%80%D0%BC%D0%B8%D0%BD%D0%B4%D0%B5%D1%80&amp;action=edit&amp;redlink=1\" title=\"\u0422\u0435\u0440\u043c\u0438\u043d\u0434\u0435\u0440 (\u043c\u044b\u043d\u0434\u0430\u0439 \u0431\u0430\u0440\u0430\u043a \u0436\u043e\u043a)\"><span style=\"color:#000000\">\u0442\u0435\u0440\u043c\u0438\u043d\u0438</span></a><span style=\"color:#000000\">, \u0431\u0430\u0430\u0440\u044b\u043d\u0430\u043d \u043c\u0443\u0440\u0434\u0430, \u0438\u043d\u0444\u043e\u0440\u043c\u0430\u0446\u0438\u044f\u043d\u044b \u0436\u0430\u043d\u0430 \u0430\u043d\u044b\u043d \u043a\u0430\u0441\u0438\u0435\u0442\u0442\u0435\u0440\u0438\u043d, \u0436\u0430\u0440\u0430\u0442\u044b\u043b\u044b\u0448\u0442\u0430\u0433\u044b, \u043a\u043e\u043e\u043c\u0434\u043e\u0433\u0443, \u0442\u0435\u0445\u043d\u0438\u043a\u0430\u0434\u0430\u0433\u044b&nbsp;</span><a href=\"https://ky.wikibooks.org/w/index.php?title=%D0%98%D0%BD%D1%84%D0%BE%D1%80%D0%BC%D0%B0%D1%86%D0%B8%D1%8F%D0%BB%D1%8B%D0%BA_%D0%BF%D1%80%D0%BE%D1%86%D0%B5%D1%81%D1%81%D1%82%D0%B5%D1%80&amp;action=edit&amp;redlink=1\" title=\"\u0418\u043d\u0444\u043e\u0440\u043c\u0430\u0446\u0438\u044f\u043b\u044b\u043a \u043f\u0440\u043e\u0446\u0435\u0441\u0441\u0442\u0435\u0440 (\u043c\u044b\u043d\u0434\u0430\u0439 \u0431\u0430\u0440\u0430\u043a \u0436\u043e\u043a)\"><span style=\"color:#000000\">\u0438\u043d\u0444\u043e\u0440\u043c\u0430\u0446\u0438\u044f\u043b\u044b\u043a \u043f\u0440\u043e\u0446\u0435\u0441\u0441\u0442\u0435\u0440\u0434\u0438</span></a><span style=\"color:#000000\">,&nbsp;</span><a href=\"https://ky.wikibooks.org/w/index.php?title=%D0%98%D0%BD%D1%84%D0%BE%D1%80%D0%BC%D0%B0%D1%86%D0%B8%D1%8F%D0%BD%D1%8B_%D0%B1%D0%B5%D1%80%D2%AF%D2%AF&amp;action=edit&amp;redlink=1\" title=\"\u0418\u043d\u0444\u043e\u0440\u043c\u0430\u0446\u0438\u044f\u043d\u044b \u0431\u0435\u0440\u04af\u04af (\u043c\u044b\u043d\u0434\u0430\u0439 \u0431\u0430\u0440\u0430\u043a \u0436\u043e\u043a)\"><span style=\"color:#000000\">\u0438\u043d\u0444\u043e\u0440\u043c\u0430\u0446\u0438\u044f\u043d\u044b \u0431\u0435\u0440\u04af\u04af\u043d\u04af\u043d</span></a><span style=\"color:#000000\">, \u0442\u043e\u043f\u0442\u043e\u043e\u043d\u0443\u043d, \u0438\u0448\u0442\u0435\u0442\u04af\u04af\u043d\u04af\u043d \u0436\u0430\u043d\u0430 \u0442\u0430\u0440\u043a\u0430\u0442\u0443\u0443\u043d\u0443\u043d \u0436\u043e\u043b\u0434\u043e\u0440\u0443\u043d \u0436\u0430\u043d\u0430 \u0431\u0430\u0448\u043a\u0430 \u043a\u0435\u043f \u043d\u0435\u0440\u0441\u0435\u043b\u0435\u0440\u0434\u0438 \u043c\u0430\u0442\u0435\u043c\u0430\u0442\u0438\u043a\u0430\u043b\u044b\u043a \u0436\u0430\u043d\u0430 \u0442\u0435\u0445\u043d\u0438\u043a\u0430\u043b\u044b\u043a \u043a\u0430\u0440\u0430\u0436\u0430\u0442\u0442\u0430\u0440\u0434\u044b \u043a\u043e\u043b\u0434\u043e\u043d\u0443\u0443 \u043c\u0435\u043d\u0435\u043d \u0438\u0437\u0438\u043b\u0434\u04e9\u04e9\u0447\u04af \u0438\u043b\u0438\u043c\u0438\u0439 \u0431\u0430\u0433\u044b\u0442\u0442\u0430\u0440\u0434\u044b\u043d \u0436\u044b\u0439\u044b\u043d\u0434\u044b\u0441\u044b\u043d \u0431\u0438\u043b\u0434\u0438\u0440\u0435\u0442. \u0411\u0430\u0442\u044b\u0448 \u04e9\u043b\u043a\u04e9\u043b\u04e9\u0440\u04af\u043d\u0434\u04e9 \u0431\u0438\u043b\u0438\u043c\u0434\u0435\u0440\u0434\u0438\u043d \u0431\u0443\u043b \u043e\u0431\u043b\u0430\u0441\u0442\u044b\u043d \u043a\u043e\u043c\u043f\u044c\u044e\u0442\u0435\u0440 \u0442\u0443\u0443\u0440\u0430\u043b\u0443\u0443 \u0438\u043b\u0438\u043c (</span><a href=\"https://ky.wikibooks.org/w/index.php?title=%D0%A1%D0%BEm%D1%80ut%D0%B5r_s%D1%81i%D0%B5%D0%BF%D1%81%D0%B5&amp;action=edit&amp;redlink=1\" title=\"\u0421\u043em\u0440ut\u0435r s\u0441i\u0435\u043f\u0441\u0435 (\u043c\u044b\u043d\u0434\u0430\u0439 \u0431\u0430\u0440\u0430\u043a \u0436\u043e\u043a)\"><span style=\"color:#000000\">\u0441\u043em\u0440ut\u0435r s\u0441i\u0435\u043f\u0441\u0435</span></a><span style=\"color:#000000\">) \u0434\u0435\u043f \u043a\u043e\u044e\u0448\u0430\u0442. \u041a\u044d\u044d\u0434\u0435 &ldquo;\u0438\u043d\u0444\u043e\u0440\u043c\u0430\u0446\u0438\u044f\u043b\u044b\u043a \u0442\u0435\u0445\u043d\u043e\u043b\u043e\u0433\u0438\u044f\u043b\u0430\u0440&rdquo; \u0434\u0435\u0448\u0442\u0438\u043d \u043e\u0440\u0434\u0443\u043d\u0430 &laquo;</span><a href=\"https://ky.wikibooks.org/w/index.php?title=%D0%9A%D0%BE%D0%BC%D0%BF%D1%8A%D1%8E%D1%82%D0%B5%D1%80%D0%B4%D0%B8%D0%BA_%D1%82%D0%B5%D1%85%D0%BD%D0%BE%D0%BB%D0%BE%D0%B3%D0%B8%D1%8F%D0%BB%D0%B0%D1%80&amp;action=edit&amp;redlink=1\" title=\"\u041a\u043e\u043c\u043f\u044a\u044e\u0442\u0435\u0440\u0434\u0438\u043a \u0442\u0435\u0445\u043d\u043e\u043b\u043e\u0433\u0438\u044f\u043b\u0430\u0440 (\u043c\u044b\u043d\u0434\u0430\u0439 \u0431\u0430\u0440\u0430\u043a \u0436\u043e\u043a)\"><span style=\"color:#000000\">\u043a\u043e\u043c\u043f\u044a\u044e\u0442\u0435\u0440\u0434\u0438\u043a \u0442\u0435\u0445\u043d\u043e\u043b\u043e\u0433\u0438\u044f\u043b\u0430\u0440</span></a><span style=\"color:#000000\">&raquo; \u0436\u0435 &laquo;\u043f\u0440\u0438\u043a\u043b\u0430\u0434\u0434\u044b\u043a (\u043a\u043e\u043b\u0434\u043e\u043d\u043c\u043e) \u0438\u043d\u0444\u043e\u0440\u043c\u0430\u0442\u0438\u043a\u0430&raquo; \u0434\u0435\u043f \u0434\u0430 \u0436\u04af\u0440\u04af\u0448\u04e9\u0442. &laquo;</span><a href=\"https://ky.wikibooks.org/w/index.php?title=%D0%9A%D0%BE%D0%BC%D0%BF%D1%8C%D1%8E%D1%82%D0%B5%D1%80&amp;action=edit&amp;redlink=1\" title=\"\u041a\u043e\u043c\u043f\u044c\u044e\u0442\u0435\u0440 (\u043c\u044b\u043d\u0434\u0430\u0439 \u0431\u0430\u0440\u0430\u043a \u0436\u043e\u043a)\"><span style=\"color:#000000\">\u041a\u043e\u043c\u043f\u044c\u044e\u0442\u0435\u0440</span></a><span style=\"color:#000000\">&raquo; - \u043a\u044b\u0440\u0433\u044b\u0437\u0447\u0430 &laquo;\u044d\u0441\u0435\u043f\u0447\u0438&raquo; \u0434\u0435\u0433\u0435\u043d\u0434\u0438 \u044d\u043b\u0435 \u0431\u0438\u043b\u0434\u0438\u0440\u0435\u0442.&nbsp;</span></p>\r\n\t\t\t</td>\r\n\t\t</tr>\r\n\t</tbody>\r\n</table>", "author": "1312.01010", "date": "2019-06-27T18:35:54.201Z"}}, {"model": "main.post", "pk": 3, "fields": {"name": "About", "name_en": "About", "name_tr": null, "name_ky": "About", "annotation": "Department of Applied Mathematics and Informatics aims to produce\u00a0well-educated, highly-qualified individuals that have the\u00a0skills to\u00a0use\u00a0software on\u00a0computer devices and automated systems and for the\u00a0processing of financial information. The undergraduate program, based on the Bologna system, is 4 years. Graduates from our department receive\u00a0an academic degree in the area of Applied Mathematics and Informatics.", "annotation_en": "Department of Applied Mathematics and Informatics aims to produce\u00a0well-educated, highly-qualified individuals that have the\u00a0skills to\u00a0use\u00a0software on\u00a0computer devices and automated systems and for the\u00a0processing of financial information. The undergraduate program, based on the Bologna system, is 4 years. Graduates from our department receive\u00a0an academic degree in the area of Applied Mathematics and Informatics.", "annotation_tr": "", "annotation_ky": "Department of Applied Mathematics and Informatics aims to produce\u00a0well-educated, highly-qualified individuals that have the\u00a0skills to\u00a0use\u00a0software on\u00a0computer devices and automated systems and for the\u00a0processing of financial information. The undergraduate program, based on the Bologna system, is 4 years. Graduates from our department receive\u00a0an academic degree in the area of Applied Mathematics and Informatics.", "content": "<h1>Applied Mathematics and Informatics</h1>\r\n\r\n<h1><img alt=\"\" src=\"http://intl.manas.edu.kg/uploads/Informatics/IMG_3162.JPG\" style=\"font-size:13px; height:647px; width:971px\" /></h1>\r\n\r\n<p><span style=\"color:#000000\">The Department of Applied Mathematics and Informatics at Kyrgyz-Turkish Manas University was founded in 2007. In the 2007-2008 academic year, the first set of students for the department were selected.</span></p>\r\n\r\n<h4><span style=\"color:#000000\">Goals of the Department</span></h4>\r\n\r\n<ul>\r\n\t<li><span style=\"color:#000000\">Research about&nbsp;modeling and simulation models of information with applied problems using mathematical methods.</span></li>\r\n\t<li><span style=\"color:#000000\">Research of&nbsp;management methods of computer network security and administration tools, automated systems and information processing tools.</span></li>\r\n\t<li><span style=\"color:#000000\">Usability of numerical methods in solving mathematical problems arising from production and technological activities.</span></li>\r\n\t<li><span style=\"color:#000000\">Programming languages.</span></li>\r\n\t<li><span style=\"color:#000000\">Research on digital image processing, tools of computer graphics, multimedia and automated designing.</span></li>\r\n\t<li><span style=\"color:#000000\">Mathematical methods of information systems for forecasting and system analysis.</span></li>\r\n\t<li><span style=\"color:#000000\">Development and realization of information systems related with the processes of the quality control of industrial activity.</span></li>\r\n</ul>\r\n\r\n<p><span style=\"color:#000000\">Department of Applied Mathematics and Informatics aims to produce&nbsp;well-educated, highly-qualified individuals that have the&nbsp;skills to&nbsp;use&nbsp;software on&nbsp;computer devices and automated systems and for the&nbsp;processing of financial information. The undergraduate program, based on the Bologna system, is 4 years. Graduates from our department receive&nbsp;an academic degree in the area of Applied Mathematics and Informatics.</span></p>\r\n\r\n<h4><span style=\"color:#000000\">Education</span></h4>\r\n\r\n<p><span style=\"color:#000000\">The department of Applied Mathematics and Informatics located in the Building of the Faculty of Engineering and Science and has educational laboratories for students, educational classrooms, office and social interaction areas for faculty and students. The Department is well equipped with facilities and allowing efficient and successful execution of research and educational programs.</span></p>\r\n\r\n<h4><span style=\"color:#000000\">Research</span></h4>\r\n\r\n<p><span style=\"color:#000000\">The infrastructure of the department allows efficient and successful execution of research. Scientific research in the department is conducted in the following fields: asymptotic methods of mathematical physics, approximation theory, extreme polynomials, numerical methods, differential equations, social engineering, artificial intelligence, information and communication technologies, large database design, financial and computer mathematics, computer speech synthesis and Applied Informatics.</span></p>\r\n\r\n<p><img alt=\"\" src=\"http://intl.manas.edu.kg/uploads/Informatics/Asan%20Omuraliev%201.jpg\" /></p>\r\n\r\n<p><span style=\"color:#000000\">Asan Omuraliev, DSc<br />\r\nHead of the Department</span></p>\r\n\r\n<p>&nbsp;</p>\r\n\r\n<blockquote>\r\n<h3><span style=\"color:#000000\">From the Head of the Department</span></h3>\r\n\r\n<p><span style=\"color:#000000\">The most in-demand professions in practically all fields are related to Applied Mathematics and Informatics.&nbsp;</span></p>\r\n\r\n<p><span style=\"color:#000000\">Knowledge and skills gained from an education in our department can be applied in many different fields, from research centers to ministries and government organs, or from industry to finance. This degree gives students the opportunity to work as a systems administrators, database operators, analysts, programmers, systems engineers, as well as to develop computer programs and professionally maintain&nbsp;computer networks. In addition, students who have mastered this specialty can work as mathematicians or analysts.&nbsp;&nbsp;&nbsp;</span></p>\r\n\r\n<p><span style=\"color:#000000\">The education program includes a set of mathematical disciplines, such as algebra, geometry, logic, and discrete mathematics, as well as disciplines related to modern computer technology and programming. Numerical methods, optimization met</span></p>\r\n</blockquote>\r\n\r\n<p>&copy; All rights reserved by KTU Manas&nbsp;</p>", "content_en": "<h1>Applied Mathematics and Informatics</h1>\r\n\r\n<h1><img alt=\"\" src=\"http://intl.manas.edu.kg/uploads/Informatics/IMG_3162.JPG\" style=\"font-size:13px; height:647px; width:971px\" /></h1>\r\n\r\n<p><span style=\"color:#000000\">The Department of Applied Mathematics and Informatics at Kyrgyz-Turkish Manas University was founded in 2007. In the 2007-2008 academic year, the first set of students for the department were selected.</span></p>\r\n\r\n<h4><span style=\"color:#000000\">Goals of the Department</span></h4>\r\n\r\n<ul>\r\n\t<li><span style=\"color:#000000\">Research about&nbsp;modeling and simulation models of information with applied problems using mathematical methods.</span></li>\r\n\t<li><span style=\"color:#000000\">Research of&nbsp;management methods of computer network security and administration tools, automated systems and information processing tools.</span></li>\r\n\t<li><span style=\"color:#000000\">Usability of numerical methods in solving mathematical problems arising from production and technological activities.</span></li>\r\n\t<li><span style=\"color:#000000\">Programming languages.</span></li>\r\n\t<li><span style=\"color:#000000\">Research on digital image processing, tools of computer graphics, multimedia and automated designing.</span></li>\r\n\t<li><span style=\"color:#000000\">Mathematical methods of information systems for forecasting and system analysis.</span></li>\r\n\t<li><span style=\"color:#000000\">Development and realization of information systems related with the processes of the quality control of industrial activity.</span></li>\r\n</ul>\r\n\r\n<p><span style=\"color:#000000\">Department of Applied Mathematics and Informatics aims to produce&nbsp;well-educated, highly-qualified individuals that have the&nbsp;skills to&nbsp;use&nbsp;software on&nbsp;computer devices and automated systems and for the&nbsp;processing of financial information. The undergraduate program, based on the Bologna system, is 4 years. Graduates from our department receive&nbsp;an academic degree in the area of Applied Mathematics and Informatics.</span></p>\r\n\r\n<h4><span style=\"color:#000000\">Education</span></h4>\r\n\r\n<p><span style=\"color:#000000\">The department of Applied Mathematics and Informatics located in the Building of the Faculty of Engineering and Science and has educational laboratories for students, educational classrooms, office and social interaction areas for faculty and students. The Department is well equipped with facilities and allowing efficient and successful execution of research and educational programs.</span></p>\r\n\r\n<h4><span style=\"color:#000000\">Research</span></h4>\r\n\r\n<p><span style=\"color:#000000\">The infrastructure of the department allows efficient and successful execution of research. Scientific research in the department is conducted in the following fields: asymptotic methods of mathematical physics, approximation theory, extreme polynomials, numerical methods, differential equations, social engineering, artificial intelligence, information and communication technologies, large database design, financial and computer mathematics, computer speech synthesis and Applied Informatics.</span></p>\r\n\r\n<p><img alt=\"\" src=\"http://intl.manas.edu.kg/uploads/Informatics/Asan%20Omuraliev%201.jpg\" /></p>\r\n\r\n<p><span style=\"color:#000000\">Asan Omuraliev, DSc<br />\r\nHead of the Department</span></p>\r\n\r\n<p>&nbsp;</p>\r\n\r\n<blockquote>\r\n<h3><span style=\"color:#000000\">From the Head of the Department</span></h3>\r\n\r\n<p><span style=\"color:#000000\">The most in-demand professions in practically all fields are related to Applied Mathematics and Informatics.&nbsp;</span></p>\r\n\r\n<p><span style=\"color:#000000\">Knowledge and skills gained from an education in our department can be applied in many different fields, from research centers to ministries and government organs, or from industry to finance. This degree gives students the opportunity to work as a systems administrators, database operators, analysts, programmers, systems engineers, as well as to develop computer programs and professionally maintain&nbsp;computer networks. In addition, students who have mastered this specialty can work as mathematicians or analysts.&nbsp;&nbsp;&nbsp;</span></p>\r\n\r\n<p><span style=\"color:#000000\">The education program includes a set of mathematical disciplines, such as algebra, geometry, logic, and discrete mathematics, as well as disciplines related to modern computer technology and programming. Numerical methods, optimization met</span></p>\r\n</blockquote>\r\n\r\n<p>&copy; All rights reserved by KTU Manas&nbsp;</p>", "content_tr": "", "content_ky": "<h1>Applied Mathematics and Informatics</h1>\r\n\r\n<h1><img alt=\"\" src=\"http://intl.manas.edu.kg/uploads/Informatics/IMG_3162.JPG\" style=\"font-size:13px; height:647px; width:971px\" /></h1>\r\n\r\n<p><span style=\"color:#000000\">The Department of Applied Mathematics and Informatics at Kyrgyz-Turkish Manas University was founded in 2007. In the 2007-2008 academic year, the first set of students for the department were selected.</span></p>\r\n\r\n<h4><span style=\"color:#000000\">Goals of the Department</span></h4>\r\n\r\n<ul>\r\n\t<li><span style=\"color:#000000\">Research about&nbsp;modeling and simulation models of information with applied problems using mathematical methods.</span></li>\r\n\t<li><span style=\"color:#000000\">Research of&nbsp;management methods of computer network security and administration tools, automated systems and information processing tools.</span></li>\r\n\t<li><span style=\"color:#000000\">Usability of numerical methods in solving mathematical problems arising from production and technological activities.</span></li>\r\n\t<li><span style=\"color:#000000\">Programming languages.</span></li>\r\n\t<li><span style=\"color:#000000\">Research on digital image processing, tools of computer graphics, multimedia and automated designing.</span></li>\r\n\t<li><span style=\"color:#000000\">Mathematical methods of information systems for forecasting and system analysis.</span></li>\r\n\t<li><span style=\"color:#000000\">Development and realization of information systems related with the processes of the quality control of industrial activity.</span></li>\r\n</ul>\r\n\r\n<p><span style=\"color:#000000\">Department of Applied Mathematics and Informatics aims to produce&nbsp;well-educated, highly-qualified individuals that have the&nbsp;skills to&nbsp;use&nbsp;software on&nbsp;computer devices and automated systems and for the&nbsp;processing of financial information. The undergraduate program, based on the Bologna system, is 4 years. Graduates from our department receive&nbsp;an academic degree in the area of Applied Mathematics and Informatics.</span></p>\r\n\r\n<h4><span style=\"color:#000000\">Education</span></h4>\r\n\r\n<p><span style=\"color:#000000\">The department of Applied Mathematics and Informatics located in the Building of the Faculty of Engineering and Science and has educational laboratories for students, educational classrooms, office and social interaction areas for faculty and students. The Department is well equipped with facilities and allowing efficient and successful execution of research and educational programs.</span></p>\r\n\r\n<h4><span style=\"color:#000000\">Research</span></h4>\r\n\r\n<p><span style=\"color:#000000\">The infrastructure of the department allows efficient and successful execution of research. Scientific research in the department is conducted in the following fields: asymptotic methods of mathematical physics, approximation theory, extreme polynomials, numerical methods, differential equations, social engineering, artificial intelligence, information and communication technologies, large database design, financial and computer mathematics, computer speech synthesis and Applied Informatics.</span></p>\r\n\r\n<p><img alt=\"\" src=\"http://intl.manas.edu.kg/uploads/Informatics/Asan%20Omuraliev%201.jpg\" /></p>\r\n\r\n<p><span style=\"color:#000000\">Asan Omuraliev, DSc<br />\r\nHead of the Department</span></p>\r\n\r\n<p>&nbsp;</p>\r\n\r\n<blockquote>\r\n<h3><span style=\"color:#000000\">From the Head of the Department</span></h3>\r\n\r\n<p><span style=\"color:#000000\">The most in-demand professions in practically all fields are related to Applied Mathematics and Informatics.&nbsp;</span></p>\r\n\r\n<p><span style=\"color:#000000\">Knowledge and skills gained from an education in our department can be applied in many different fields, from research centers to ministries and government organs, or from industry to finance. This degree gives students the opportunity to work as a systems administrators, database operators, analysts, programmers, systems engineers, as well as to develop computer programs and professionally maintain&nbsp;computer networks. In addition, students who have mastered this specialty can work as mathematicians or analysts.&nbsp;&nbsp;&nbsp;</span></p>\r\n\r\n<p><span style=\"color:#000000\">The education program includes a set of mathematical disciplines, such as algebra, geometry, logic, and discrete mathematics, as well as disciplines related to modern computer technology and programming. Numerical methods, optimization met</span></p>\r\n</blockquote>\r\n\r\n<p>&copy; All rights reserved by KTU Manas&nbsp;</p>", "author": "1312.01010", "date": "2019-06-27T17:50:23.374Z"}}, {"model": "admin.logentry", "pk": 1, "fields": {"action_time": "2019-06-03T06:49:38.452Z", "user": "1312.01010", "content_type": 11, "object_id": "4545.40404", "object_repr": "4545.40404", "action_flag": 1, "change_message": "[{\"added\": {}}]"}}, {"model": "admin.logentry", "pk": 2, "fields": {"action_time": "2019-06-03T06:49:54.819Z", "user": "1312.01010", "content_type": 13, "object_id": "4545.40404", "object_repr": "Aali", "action_flag": 1, "change_message": "[{\"added\": {}}]"}}, {"model": "admin.logentry", "pk": 3, "fields": {"action_time": "2019-06-03T06:50:08.514Z", "user": "1312.01010", "content_type": 7, "object_id": "UME-101", "object_repr": "UME-101 - Information Technology", "action_flag": 1, "change_message": "[{\"added\": {}}]"}}, {"model": "admin.logentry", "pk": 4, "fields": {"action_time": "2019-06-03T09:56:46.880Z", "user": "1312.01010", "content_type": 12, "object_id": "1312.01010", "object_repr": "soyuz", "action_flag": 1, "change_message": "[{\"added\": {}}]"}}, {"model": "admin.logentry", "pk": 5, "fields": {"action_time": "2019-06-08T16:12:33.228Z", "user": "1312.01010", "content_type": 12, "object_id": "4545.40404", "object_repr": "Aali", "action_flag": 1, "change_message": "[{\"added\": {}}]"}}, {"model": "admin.logentry", "pk": 6, "fields": {"action_time": "2019-06-08T16:15:49.831Z", "user": "1312.01010", "content_type": 11, "object_id": "6666.66666", "object_repr": "6666.66666", "action_flag": 1, "change_message": "[{\"added\": {}}]"}}, {"model": "admin.logentry", "pk": 7, "fields": {"action_time": "2019-06-08T16:17:07.169Z", "user": "1312.01010", "content_type": 11, "object_id": "99999.9999", "object_repr": "99999.9999", "action_flag": 1, "change_message": "[{\"added\": {}}]"}}, {"model": "admin.logentry", "pk": 8, "fields": {"action_time": "2019-06-08T16:17:17.199Z", "user": "1312.01010", "content_type": 13, "object_id": "99999.9999", "object_repr": "Fahr", "action_flag": 1, "change_message": "[{\"added\": {}}]"}}, {"model": "admin.logentry", "pk": 9, "fields": {"action_time": "2019-06-08T16:17:27.828Z", "user": "1312.01010", "content_type": 7, "object_id": "UME-676", "object_repr": "UME-676 - Numeric Analize", "action_flag": 1, "change_message": "[{\"added\": {}}]"}}, {"model": "admin.logentry", "pk": 10, "fields": {"action_time": "2019-06-08T16:17:35.039Z", "user": "1312.01010", "content_type": 12, "object_id": "6666.66666", "object_repr": "example", "action_flag": 1, "change_message": "[{\"added\": {}}]"}}, {"model": "admin.logentry", "pk": 11, "fields": {"action_time": "2019-06-08T16:18:03.831Z", "user": "1312.01010", "content_type": 7, "object_id": "UME-101", "object_repr": "UME-101 - Information Technology", "action_flag": 2, "change_message": "[{\"added\": {\"name\": \"student-lesson relationship\", \"object\": \"Student_lessons object (4)\"}}]"}}, {"model": "admin.logentry", "pk": 12, "fields": {"action_time": "2019-06-08T16:18:14.909Z", "user": "1312.01010", "content_type": 7, "object_id": "UME-676", "object_repr": "UME-676 - Numeric Analize", "action_flag": 2, "change_message": "[{\"added\": {\"name\": \"student-lesson relationship\", \"object\": \"Student_lessons object (5)\"}}]"}}, {"model": "admin.logentry", "pk": 13, "fields": {"action_time": "2019-06-09T05:44:36.518Z", "user": "1312.01010", "content_type": 1, "object_id": "1", "object_repr": "Django", "action_flag": 3, "change_message": ""}}, {"model": "admin.logentry", "pk": 14, "fields": {"action_time": "2019-06-09T09:31:05.076Z", "user": "1312.01010", "content_type": 11, "object_id": "99999.9999", "object_repr": "99999.9999", "action_flag": 2, "change_message": "[{\"changed\": {\"fields\": [\"email\"]}}]"}}, {"model": "admin.logentry", "pk": 15, "fields": {"action_time": "2019-06-09T09:31:25.403Z", "user": "1312.01010", "content_type": 11, "object_id": "6666.66666", "object_repr": "6666.66666", "action_flag": 2, "change_message": "[{\"changed\": {\"fields\": [\"email\"]}}]"}}, {"model": "admin.logentry", "pk": 16, "fields": {"action_time": "2019-06-09T09:31:42.537Z", "user": "1312.01010", "content_type": 11, "object_id": "4545.40404", "object_repr": "4545.40404", "action_flag": 2, "change_message": "[{\"changed\": {\"fields\": [\"email\"]}}]"}}, {"model": "admin.logentry", "pk": 17, "fields": {"action_time": "2019-06-10T07:29:04.643Z", "user": "1312.01010", "content_type": 11, "object_id": "4545.40404", "object_repr": "4545.40404", "action_flag": 3, "change_message": ""}}, {"model": "admin.logentry", "pk": 18, "fields": {"action_time": "2019-06-13T09:42:01.194Z", "user": "1312.01010", "content_type": 11, "object_id": "1851Y03002", "object_repr": "1851Y03002", "action_flag": 1, "change_message": "[{\"added\": {}}, {\"added\": {\"name\": \"Student\", \"object\": \"\"}}]"}}, {"model": "admin.logentry", "pk": 19, "fields": {"action_time": "2019-06-19T09:54:14.607Z", "user": "1312.01010", "content_type": 12, "object_id": "1851Y03002", "object_repr": "", "action_flag": 3, "change_message": ""}}, {"model": "admin.logentry", "pk": 20, "fields": {"action_time": "2019-06-19T10:41:47.620Z", "user": "1312.01010", "content_type": 14, "object_id": "1", "object_repr": "Assign object (1)", "action_flag": 1, "change_message": "[{\"added\": {}}]"}}, {"model": "admin.logentry", "pk": 21, "fields": {"action_time": "2019-06-19T10:55:19.600Z", "user": "1312.01010", "content_type": 14, "object_id": "2", "object_repr": "Assign object (2)", "action_flag": 1, "change_message": "[{\"added\": {}}]"}}, {"model": "admin.logentry", "pk": 22, "fields": {"action_time": "2019-06-19T11:57:27.161Z", "user": "1312.01010", "content_type": 14, "object_id": "3", "object_repr": "Assign object (3)", "action_flag": 1, "change_message": "[{\"added\": {}}]"}}, {"model": "admin.logentry", "pk": 23, "fields": {"action_time": "2019-06-20T06:13:22.437Z", "user": "1312.01010", "content_type": 14, "object_id": "1", "object_repr": "Assign object (1)", "action_flag": 1, "change_message": "[{\"added\": {}}]"}}, {"model": "admin.logentry", "pk": 24, "fields": {"action_time": "2019-06-20T07:02:45.272Z", "user": "1312.01010", "content_type": 14, "object_id": "2", "object_repr": "Assign object (2)", "action_flag": 1, "change_message": "[{\"added\": {}}]"}}, {"model": "admin.logentry", "pk": 25, "fields": {"action_time": "2019-06-20T07:07:41.703Z", "user": "1312.01010", "content_type": 14, "object_id": "2", "object_repr": "Assign object (2)", "action_flag": 2, "change_message": "[{\"changed\": {\"fields\": [\"time_slots\"]}}]"}}, {"model": "admin.logentry", "pk": 26, "fields": {"action_time": "2019-06-20T07:12:09.922Z", "user": "1312.01010", "content_type": 14, "object_id": "2", "object_repr": "Assign object (2)", "action_flag": 2, "change_message": "[{\"changed\": {\"fields\": [\"time_slots\"]}}]"}}, {"model": "admin.logentry", "pk": 27, "fields": {"action_time": "2019-06-20T07:12:28.735Z", "user": "1312.01010", "content_type": 14, "object_id": "2", "object_repr": "Assign object (2)", "action_flag": 2, "change_message": "[{\"changed\": {\"fields\": [\"time_slots\"]}}]"}}, {"model": "admin.logentry", "pk": 28, "fields": {"action_time": "2019-06-20T07:16:43.381Z", "user": "1312.01010", "content_type": 14, "object_id": "2", "object_repr": "Assign object (2)", "action_flag": 2, "change_message": "[{\"changed\": {\"fields\": [\"time_slots\"]}}]"}}, {"model": "admin.logentry", "pk": 29, "fields": {"action_time": "2019-06-20T07:16:55.090Z", "user": "1312.01010", "content_type": 14, "object_id": "2", "object_repr": "Assign object (2)", "action_flag": 2, "change_message": "[{\"changed\": {\"fields\": [\"time_slots\"]}}]"}}, {"model": "admin.logentry", "pk": 30, "fields": {"action_time": "2019-06-20T07:17:16.774Z", "user": "1312.01010", "content_type": 14, "object_id": "2", "object_repr": "Assign object (2)", "action_flag": 2, "change_message": "[{\"changed\": {\"fields\": [\"time_slots\"]}}]"}}, {"model": "admin.logentry", "pk": 31, "fields": {"action_time": "2019-06-20T07:18:40.390Z", "user": "1312.01010", "content_type": 14, "object_id": "2", "object_repr": "Assign object (2)", "action_flag": 2, "change_message": "[{\"changed\": {\"fields\": [\"time_slots\"]}}]"}}, {"model": "admin.logentry", "pk": 32, "fields": {"action_time": "2019-06-20T07:18:51.661Z", "user": "1312.01010", "content_type": 14, "object_id": "2", "object_repr": "Assign object (2)", "action_flag": 2, "change_message": "[{\"changed\": {\"fields\": [\"time_slots\"]}}]"}}, {"model": "admin.logentry", "pk": 33, "fields": {"action_time": "2019-06-20T07:28:24.704Z", "user": "1312.01010", "content_type": 14, "object_id": "2", "object_repr": "Assign object (2)", "action_flag": 2, "change_message": "[{\"changed\": {\"fields\": [\"time_slots\"]}}]"}}, {"model": "admin.logentry", "pk": 34, "fields": {"action_time": "2019-06-20T07:55:24.899Z", "user": "1312.01010", "content_type": 14, "object_id": "3", "object_repr": "Assign object (3)", "action_flag": 1, "change_message": "[{\"added\": {}}]"}}, {"model": "admin.logentry", "pk": 35, "fields": {"action_time": "2019-06-20T07:59:53.336Z", "user": "1312.01010", "content_type": 14, "object_id": "4", "object_repr": "Assign object (4)", "action_flag": 1, "change_message": "[{\"added\": {}}]"}}, {"model": "admin.logentry", "pk": 36, "fields": {"action_time": "2019-06-20T08:04:13.644Z", "user": "1312.01010", "content_type": 7, "object_id": "UME-676", "object_repr": "UME-676 - \u0421\u0430\u043d\u0434\u044b\u043a \u0442\u0430\u043b\u0434\u043e\u043e", "action_flag": 2, "change_message": "[{\"changed\": {\"fields\": [\"name_tr\", \"name_ky\"]}}]"}}, {"model": "admin.logentry", "pk": 37, "fields": {"action_time": "2019-06-20T08:26:02.031Z", "user": "1312.01010", "content_type": 7, "object_id": "MAT-101", "object_repr": "MAT-101 - Calculus", "action_flag": 1, "change_message": "[{\"added\": {}}, {\"added\": {\"name\": \"student-lesson relationship\", \"object\": \"Student_lessons object (7)\"}}]"}}, {"model": "admin.logentry", "pk": 38, "fields": {"action_time": "2019-06-20T08:26:13.936Z", "user": "1312.01010", "content_type": 14, "object_id": "5", "object_repr": "Assign object (5)", "action_flag": 1, "change_message": "[{\"added\": {}}]"}}, {"model": "admin.logentry", "pk": 39, "fields": {"action_time": "2019-06-26T05:08:33.236Z", "user": "1312.01010", "content_type": 11, "object_id": "1512.01010", "object_repr": "1512.01010", "action_flag": 1, "change_message": "[{\"added\": {}}]"}}, {"model": "admin.logentry", "pk": 40, "fields": {"action_time": "2019-06-26T05:08:56.237Z", "user": "1312.01010", "content_type": 11, "object_id": "1512.01010", "object_repr": "1512.01010", "action_flag": 2, "change_message": "[]"}}, {"model": "admin.logentry", "pk": 41, "fields": {"action_time": "2019-06-26T05:09:49.748Z", "user": "1312.01010", "content_type": 11, "object_id": "1912.01000", "object_repr": "1912.01000", "action_flag": 1, "change_message": "[{\"added\": {}}]"}}, {"model": "admin.logentry", "pk": 42, "fields": {"action_time": "2019-06-26T05:49:26.593Z", "user": "1312.01010", "content_type": 11, "object_id": "99999.9999", "object_repr": "99999.9999", "action_flag": 2, "change_message": "[{\"changed\": {\"fields\": [\"username_en\"]}}]"}}, {"model": "admin.logentry", "pk": 43, "fields": {"action_time": "2019-06-26T05:49:35.896Z", "user": "1312.01010", "content_type": 11, "object_id": "6666.66666", "object_repr": "6666.66666", "action_flag": 2, "change_message": "[{\"changed\": {\"fields\": [\"username_en\"]}}]"}}, {"model": "admin.logentry", "pk": 44, "fields": {"action_time": "2019-06-26T05:49:53.341Z", "user": "1312.01010", "content_type": 11, "object_id": "4545.40404", "object_repr": "4545.40404", "action_flag": 2, "change_message": "[{\"changed\": {\"fields\": [\"username_en\"]}}]"}}, {"model": "admin.logentry", "pk": 45, "fields": {"action_time": "2019-06-26T05:50:10.041Z", "user": "1312.01010", "content_type": 11, "object_id": "1912.01000", "object_repr": "1912.01000", "action_flag": 2, "change_message": "[{\"changed\": {\"fields\": [\"username_en\"]}}]"}}, {"model": "admin.logentry", "pk": 46, "fields": {"action_time": "2019-06-26T05:50:27.529Z", "user": "1312.01010", "content_type": 11, "object_id": "1851Y03002", "object_repr": "1851Y03002", "action_flag": 2, "change_message": "[{\"changed\": {\"fields\": [\"username_en\"]}}]"}}, {"model": "admin.logentry", "pk": 47, "fields": {"action_time": "2019-06-26T05:50:45.863Z", "user": "1312.01010", "content_type": 11, "object_id": "1512.01010", "object_repr": "1512.01010", "action_flag": 2, "change_message": "[{\"changed\": {\"fields\": [\"username_en\"]}}]"}}, {"model": "admin.logentry", "pk": 48, "fields": {"action_time": "2019-06-26T05:51:09.922Z", "user": "1312.01010", "content_type": 11, "object_id": "1312.01010", "object_repr": "1312.01010", "action_flag": 2, "change_message": "[{\"changed\": {\"fields\": [\"email\", \"username_en\"]}}]"}}, {"model": "admin.logentry", "pk": 49, "fields": {"action_time": "2019-06-26T08:40:01.845Z", "user": "1312.01010", "content_type": 13, "object_id": "6666.66666", "object_repr": "Al jana Bul", "action_flag": 1, "change_message": "[{\"added\": {}}]"}}, {"model": "admin.logentry", "pk": 50, "fields": {"action_time": "2019-06-26T08:40:20.067Z", "user": "1312.01010", "content_type": 7, "object_id": "UME-232", "object_repr": "UME-232 - Python language", "action_flag": 1, "change_message": "[{\"added\": {}}]"}}, {"model": "admin.logentry", "pk": 51, "fields": {"action_time": "2019-06-26T12:16:23.769Z", "user": "1312.01010", "content_type": 11, "object_id": "99999.9999", "object_repr": "99999.9999", "action_flag": 3, "change_message": ""}}, {"model": "admin.logentry", "pk": 52, "fields": {"action_time": "2019-06-26T12:16:23.876Z", "user": "1312.01010", "content_type": 11, "object_id": "6666.66666", "object_repr": "6666.66666", "action_flag": 3, "change_message": ""}}, {"model": "admin.logentry", "pk": 53, "fields": {"action_time": "2019-06-26T12:16:23.970Z", "user": "1312.01010", "content_type": 11, "object_id": "4545.40404", "object_repr": "4545.40404", "action_flag": 3, "change_message": ""}}, {"model": "admin.logentry", "pk": 54, "fields": {"action_time": "2019-06-26T12:16:24.096Z", "user": "1312.01010", "content_type": 11, "object_id": "1912.01000", "object_repr": "1912.01000", "action_flag": 3, "change_message": ""}}, {"model": "admin.logentry", "pk": 55, "fields": {"action_time": "2019-06-26T12:16:24.301Z", "user": "1312.01010", "content_type": 11, "object_id": "1851Y03002", "object_repr": "1851Y03002", "action_flag": 3, "change_message": ""}}, {"model": "admin.logentry", "pk": 56, "fields": {"action_time": "2019-06-26T12:16:24.394Z", "user": "1312.01010", "content_type": 11, "object_id": "1512.01010", "object_repr": "1512.01010", "action_flag": 3, "change_message": ""}}, {"model": "admin.logentry", "pk": 57, "fields": {"action_time": "2019-06-26T12:18:30.619Z", "user": "1312.01010", "content_type": 11, "object_id": "99999.9999", "object_repr": "99999.9999", "action_flag": 3, "change_message": ""}}, {"model": "admin.logentry", "pk": 58, "fields": {"action_time": "2019-06-26T12:18:30.710Z", "user": "1312.01010", "content_type": 11, "object_id": "6666.66666", "object_repr": "6666.66666", "action_flag": 3, "change_message": ""}}, {"model": "admin.logentry", "pk": 59, "fields": {"action_time": "2019-06-26T12:18:30.838Z", "user": "1312.01010", "content_type": 11, "object_id": "4545.40404", "object_repr": "4545.40404", "action_flag": 3, "change_message": ""}}, {"model": "admin.logentry", "pk": 60, "fields": {"action_time": "2019-06-26T12:18:30.974Z", "user": "1312.01010", "content_type": 11, "object_id": "1912.01000", "object_repr": "1912.01000", "action_flag": 3, "change_message": ""}}, {"model": "admin.logentry", "pk": 61, "fields": {"action_time": "2019-06-26T12:18:31.081Z", "user": "1312.01010", "content_type": 11, "object_id": "1851Y03002", "object_repr": "1851Y03002", "action_flag": 3, "change_message": ""}}, {"model": "admin.logentry", "pk": 62, "fields": {"action_time": "2019-06-26T12:18:31.200Z", "user": "1312.01010", "content_type": 11, "object_id": "1512.01010", "object_repr": "1512.01010", "action_flag": 3, "change_message": ""}}, {"model": "admin.logentry", "pk": 63, "fields": {"action_time": "2019-06-26T12:34:32.082Z", "user": "1312.01010", "content_type": 11, "object_id": "99999.9999", "object_repr": "99999.9999", "action_flag": 3, "change_message": ""}}, {"model": "admin.logentry", "pk": 64, "fields": {"action_time": "2019-06-26T12:34:32.177Z", "user": "1312.01010", "content_type": 11, "object_id": "6666.66666", "object_repr": "6666.66666", "action_flag": 3, "change_message": ""}}, {"model": "admin.logentry", "pk": 65, "fields": {"action_time": "2019-06-26T12:34:32.292Z", "user": "1312.01010", "content_type": 11, "object_id": "4545.40404", "object_repr": "4545.40404", "action_flag": 3, "change_message": ""}}, {"model": "admin.logentry", "pk": 66, "fields": {"action_time": "2019-06-26T12:34:32.392Z", "user": "1312.01010", "content_type": 11, "object_id": "1912.01000", "object_repr": "1912.01000", "action_flag": 3, "change_message": ""}}, {"model": "admin.logentry", "pk": 67, "fields": {"action_time": "2019-06-26T12:34:32.498Z", "user": "1312.01010", "content_type": 11, "object_id": "1851Y03002", "object_repr": "1851Y03002", "action_flag": 3, "change_message": ""}}, {"model": "admin.logentry", "pk": 68, "fields": {"action_time": "2019-06-26T12:34:32.602Z", "user": "1312.01010", "content_type": 11, "object_id": "1512.01010", "object_repr": "1512.01010", "action_flag": 3, "change_message": ""}}, {"model": "admin.logentry", "pk": 69, "fields": {"action_time": "2019-06-26T12:41:02.578Z", "user": "1312.01010", "content_type": 12, "object_id": "6666.66666", "object_repr": "Al jana Bul", "action_flag": 3, "change_message": ""}}, {"model": "admin.logentry", "pk": 70, "fields": {"action_time": "2019-06-26T12:41:26.472Z", "user": "1312.01010", "content_type": 11, "object_id": "99999.9999", "object_repr": "99999.9999", "action_flag": 3, "change_message": ""}}, {"model": "admin.logentry", "pk": 71, "fields": {"action_time": "2019-06-26T12:45:13.260Z", "user": "1312.01010", "content_type": 11, "object_id": "1912.01000", "object_repr": "1912.01000", "action_flag": 3, "change_message": ""}}, {"model": "admin.logentry", "pk": 72, "fields": {"action_time": "2019-06-26T12:45:32.930Z", "user": "1312.01010", "content_type": 13, "object_id": "99999.9999", "object_repr": "Sen jana Men", "action_flag": 3, "change_message": ""}}, {"model": "admin.logentry", "pk": 73, "fields": {"action_time": "2019-06-26T12:52:58.701Z", "user": "1312.01010", "content_type": 13, "object_id": "99999.9999", "object_repr": "Sen jana Men", "action_flag": 3, "change_message": ""}}, {"model": "admin.logentry", "pk": 74, "fields": {"action_time": "2019-06-26T12:52:58.820Z", "user": "1312.01010", "content_type": 13, "object_id": "6666.66666", "object_repr": "Al jana Bul", "action_flag": 3, "change_message": ""}}, {"model": "admin.logentry", "pk": 75, "fields": {"action_time": "2019-06-26T12:52:58.926Z", "user": "1312.01010", "content_type": 13, "object_id": "4545.40404", "object_repr": "Tigi jana booreki", "action_flag": 3, "change_message": ""}}, {"model": "admin.logentry", "pk": 76, "fields": {"action_time": "2019-06-26T12:54:53.679Z", "user": "1312.01010", "content_type": 12, "object_id": "4545.40404", "object_repr": "Tigi jana booreki", "action_flag": 3, "change_message": ""}}, {"model": "admin.logentry", "pk": 77, "fields": {"action_time": "2019-06-26T12:55:55.045Z", "user": "1312.01010", "content_type": 13, "object_id": "99999.9999", "object_repr": "Sen jana Men", "action_flag": 3, "change_message": ""}}, {"model": "admin.logentry", "pk": 78, "fields": {"action_time": "2019-06-26T12:56:03.209Z", "user": "1312.01010", "content_type": 13, "object_id": "6666.66666", "object_repr": "Al jana Bul", "action_flag": 3, "change_message": ""}}, {"model": "admin.logentry", "pk": 79, "fields": {"action_time": "2019-06-26T12:56:38.195Z", "user": "1312.01010", "content_type": 11, "object_id": "4545.40404", "object_repr": "4545.40404", "action_flag": 3, "change_message": ""}}, {"model": "admin.logentry", "pk": 80, "fields": {"action_time": "2019-06-26T12:57:21.123Z", "user": "1312.01010", "content_type": 11, "object_id": "4545.40404", "object_repr": "4545.40404", "action_flag": 3, "change_message": ""}}, {"model": "admin.logentry", "pk": 81, "fields": {"action_time": "2019-06-26T12:57:59.282Z", "user": "1312.01010", "content_type": 11, "object_id": "4545.40404", "object_repr": "4545.40404", "action_flag": 3, "change_message": ""}}, {"model": "admin.logentry", "pk": 82, "fields": {"action_time": "2019-06-26T13:02:11.895Z", "user": "1312.01010", "content_type": 11, "object_id": "99999.9999", "object_repr": "99999.9999", "action_flag": 3, "change_message": ""}}, {"model": "admin.logentry", "pk": 83, "fields": {"action_time": "2019-06-26T13:02:12.012Z", "user": "1312.01010", "content_type": 11, "object_id": "6666.66666", "object_repr": "6666.66666", "action_flag": 3, "change_message": ""}}, {"model": "admin.logentry", "pk": 84, "fields": {"action_time": "2019-06-26T13:02:12.104Z", "user": "1312.01010", "content_type": 11, "object_id": "1851Y03002", "object_repr": "1851Y03002", "action_flag": 3, "change_message": ""}}, {"model": "admin.logentry", "pk": 85, "fields": {"action_time": "2019-06-26T13:02:12.200Z", "user": "1312.01010", "content_type": 11, "object_id": "1512.01010", "object_repr": "1512.01010", "action_flag": 3, "change_message": ""}}, {"model": "admin.logentry", "pk": 86, "fields": {"action_time": "2019-06-26T13:04:12.162Z", "user": "1312.01010", "content_type": 11, "object_id": "1312.01008", "object_repr": "1312.01008", "action_flag": 1, "change_message": "[{\"added\": {}}]"}}, {"model": "admin.logentry", "pk": 87, "fields": {"action_time": "2019-06-26T13:04:50.071Z", "user": "1312.01010", "content_type": 11, "object_id": "1312.01014", "object_repr": "1312.01014", "action_flag": 1, "change_message": "[{\"added\": {}}]"}}, {"model": "admin.logentry", "pk": 88, "fields": {"action_time": "2019-06-26T13:04:59.155Z", "user": "1312.01010", "content_type": 11, "object_id": "1312.01014", "object_repr": "1312.01014", "action_flag": 2, "change_message": "[{\"changed\": {\"fields\": [\"is_student\"]}}]"}}, {"model": "admin.logentry", "pk": 89, "fields": {"action_time": "2019-06-26T13:05:32.590Z", "user": "1312.01010", "content_type": 11, "object_id": "1412.01005", "object_repr": "1412.01005", "action_flag": 1, "change_message": "[{\"added\": {}}]"}}, {"model": "admin.logentry", "pk": 90, "fields": {"action_time": "2019-06-26T13:06:03.226Z", "user": "1312.01010", "content_type": 11, "object_id": "1412.01006", "object_repr": "1412.01006", "action_flag": 1, "change_message": "[{\"added\": {}}]"}}, {"model": "admin.logentry", "pk": 91, "fields": {"action_time": "2019-06-26T13:06:56.438Z", "user": "1312.01010", "content_type": 11, "object_id": "1412.01007", "object_repr": "1412.01007", "action_flag": 1, "change_message": "[{\"added\": {}}]"}}, {"model": "admin.logentry", "pk": 92, "fields": {"action_time": "2019-06-26T13:07:51.890Z", "user": "1312.01010", "content_type": 11, "object_id": "1412.01009", "object_repr": "1412.01009", "action_flag": 1, "change_message": "[{\"added\": {}}]"}}, {"model": "admin.logentry", "pk": 93, "fields": {"action_time": "2019-06-26T13:08:56.894Z", "user": "1312.01010", "content_type": 11, "object_id": "1412.01010", "object_repr": "1412.01010", "action_flag": 1, "change_message": "[{\"added\": {}}]"}}, {"model": "admin.logentry", "pk": 94, "fields": {"action_time": "2019-06-26T13:09:46.422Z", "user": "1312.01010", "content_type": 11, "object_id": "1412.01017", "object_repr": "1412.01017", "action_flag": 1, "change_message": "[{\"added\": {}}]"}}, {"model": "admin.logentry", "pk": 95, "fields": {"action_time": "2019-06-26T13:10:36.520Z", "user": "1312.01010", "content_type": 11, "object_id": "1412.01030", "object_repr": "1412.01030", "action_flag": 1, "change_message": "[{\"added\": {}}]"}}, {"model": "admin.logentry", "pk": 96, "fields": {"action_time": "2019-06-26T13:11:28.693Z", "user": "1312.01010", "content_type": 11, "object_id": "1412.01032", "object_repr": "1412.01032", "action_flag": 1, "change_message": "[{\"added\": {}}]"}}, {"model": "admin.logentry", "pk": 97, "fields": {"action_time": "2019-06-26T13:12:32.780Z", "user": "1312.01010", "content_type": 11, "object_id": "1412.01034", "object_repr": "1412.01034", "action_flag": 1, "change_message": "[{\"added\": {}}]"}}, {"model": "admin.logentry", "pk": 98, "fields": {"action_time": "2019-06-26T13:13:27.759Z", "user": "1312.01010", "content_type": 11, "object_id": "1512.01033", "object_repr": "1512.01033", "action_flag": 1, "change_message": "[{\"added\": {}}]"}}, {"model": "admin.logentry", "pk": 99, "fields": {"action_time": "2019-06-26T13:14:16.317Z", "user": "1312.01010", "content_type": 11, "object_id": "1512.01902", "object_repr": "1512.01902", "action_flag": 1, "change_message": "[{\"added\": {}}]"}}, {"model": "admin.logentry", "pk": 100, "fields": {"action_time": "2019-06-26T13:14:58.321Z", "user": "1312.01010", "content_type": 11, "object_id": "1512.01903", "object_repr": "1512.01903", "action_flag": 1, "change_message": "[{\"added\": {}}]"}}, {"model": "admin.logentry", "pk": 101, "fields": {"action_time": "2019-06-26T13:19:43.947Z", "user": "1312.01010", "content_type": 11, "object_id": "1412.01032", "object_repr": "1412.01032", "action_flag": 2, "change_message": "[{\"changed\": {\"fields\": [\"email\"]}}]"}}, {"model": "admin.logentry", "pk": 102, "fields": {"action_time": "2019-06-26T13:19:44.190Z", "user": "1312.01010", "content_type": 11, "object_id": "1412.01009", "object_repr": "1412.01009", "action_flag": 2, "change_message": "[{\"changed\": {\"fields\": [\"email\"]}}]"}}, {"model": "admin.logentry", "pk": 103, "fields": {"action_time": "2019-06-26T13:19:44.446Z", "user": "1312.01010", "content_type": 11, "object_id": "1412.01007", "object_repr": "1412.01007", "action_flag": 2, "change_message": "[{\"changed\": {\"fields\": [\"email\"]}}]"}}, {"model": "admin.logentry", "pk": 104, "fields": {"action_time": "2019-06-26T13:19:44.726Z", "user": "1312.01010", "content_type": 11, "object_id": "1412.01006", "object_repr": "1412.01006", "action_flag": 2, "change_message": "[{\"changed\": {\"fields\": [\"email\"]}}]"}}, {"model": "admin.logentry", "pk": 105, "fields": {"action_time": "2019-06-26T13:20:47.090Z", "user": "1312.01010", "content_type": 11, "object_id": "1412.01005", "object_repr": "1412.01005", "action_flag": 2, "change_message": "[{\"changed\": {\"fields\": [\"email\"]}}]"}}, {"model": "admin.logentry", "pk": 106, "fields": {"action_time": "2019-06-26T13:25:35.922Z", "user": "1312.01010", "content_type": 11, "object_id": "1", "object_repr": "1", "action_flag": 1, "change_message": "[{\"added\": {}}]"}}, {"model": "admin.logentry", "pk": 107, "fields": {"action_time": "2019-06-26T13:33:38.367Z", "user": "1312.01010", "content_type": 13, "object_id": "1", "object_repr": "\u0410\u0441\u0430\u043d \u04e8\u043c\u04af\u0440\u0430\u043b\u0438\u0435\u0432", "action_flag": 1, "change_message": "[{\"added\": {}}]"}}, {"model": "admin.logentry", "pk": 108, "fields": {"action_time": "2019-06-26T13:34:51.102Z", "user": "1312.01010", "content_type": 11, "object_id": "2", "object_repr": "2", "action_flag": 1, "change_message": "[{\"added\": {}}]"}}, {"model": "admin.logentry", "pk": 109, "fields": {"action_time": "2019-06-26T13:35:46.180Z", "user": "1312.01010", "content_type": 13, "object_id": "2", "object_repr": "\u0424\u0430\u0445\u0440\u0435\u0434\u0434\u0438\u043d \u0410\u0431\u0434\u0443\u043b\u043b\u0430\u0435\u0432", "action_flag": 1, "change_message": "[{\"added\": {}}]"}}, {"model": "admin.logentry", "pk": 110, "fields": {"action_time": "2019-06-26T13:36:51.127Z", "user": "1312.01010", "content_type": 11, "object_id": "3", "object_repr": "3", "action_flag": 1, "change_message": "[{\"added\": {}}]"}}, {"model": "admin.logentry", "pk": 111, "fields": {"action_time": "2019-06-26T13:37:14.388Z", "user": "1312.01010", "content_type": 13, "object_id": "3", "object_repr": "\u0414\u0430\u0433\u044b\u0441\u0442\u0430\u043d \u0428\u0438\u043c\u0448\u0435\u043a", "action_flag": 1, "change_message": "[{\"added\": {}}]"}}, {"model": "admin.logentry", "pk": 112, "fields": {"action_time": "2019-06-26T13:38:21.698Z", "user": "1312.01010", "content_type": 11, "object_id": "4", "object_repr": "4", "action_flag": 1, "change_message": "[{\"added\": {}}]"}}, {"model": "admin.logentry", "pk": 113, "fields": {"action_time": "2019-06-26T13:38:29.768Z", "user": "1312.01010", "content_type": 13, "object_id": "4", "object_repr": "\u041c\u044d\u044d\u0440\u0438\u043c \u0418\u043c\u0430\u0448 \u043a\u044b\u0437\u044b", "action_flag": 1, "change_message": "[{\"added\": {}}]"}}, {"model": "admin.logentry", "pk": 114, "fields": {"action_time": "2019-06-26T13:39:27.588Z", "user": "1312.01010", "content_type": 11, "object_id": "5", "object_repr": "5", "action_flag": 1, "change_message": "[{\"added\": {}}]"}}, {"model": "admin.logentry", "pk": 115, "fields": {"action_time": "2019-06-26T13:39:37.790Z", "user": "1312.01010", "content_type": 13, "object_id": "5", "object_repr": "Nazg\u00fcl ADANBAYEVA", "action_flag": 1, "change_message": "[{\"added\": {}}]"}}, {"model": "admin.logentry", "pk": 116, "fields": {"action_time": "2019-06-26T13:40:27.556Z", "user": "1312.01010", "content_type": 11, "object_id": "6", "object_repr": "6", "action_flag": 1, "change_message": "[{\"added\": {}}]"}}, {"model": "admin.logentry", "pk": 117, "fields": {"action_time": "2019-06-26T13:40:35.647Z", "user": "1312.01010", "content_type": 13, "object_id": "6", "object_repr": "G\u00fcl\u015fat MUHAMETJANOVA", "action_flag": 1, "change_message": "[{\"added\": {}}]"}}, {"model": "admin.logentry", "pk": 118, "fields": {"action_time": "2019-06-26T13:41:50.306Z", "user": "1312.01010", "content_type": 11, "object_id": "7", "object_repr": "7", "action_flag": 1, "change_message": "[{\"added\": {}}]"}}, {"model": "admin.logentry", "pk": 119, "fields": {"action_time": "2019-06-26T13:42:10.675Z", "user": "1312.01010", "content_type": 13, "object_id": "7", "object_repr": "Ella ABILAYEVA", "action_flag": 1, "change_message": "[{\"added\": {}}]"}}, {"model": "admin.logentry", "pk": 120, "fields": {"action_time": "2019-06-26T13:45:29.599Z", "user": "1312.01010", "content_type": 7, "object_id": "UME-676", "object_repr": "UME-676 - \u0421\u0430\u043d\u0434\u044b\u043a \u0442\u0430\u043b\u0434\u043e\u043e", "action_flag": 3, "change_message": ""}}, {"model": "admin.logentry", "pk": 121, "fields": {"action_time": "2019-06-26T13:45:29.714Z", "user": "1312.01010", "content_type": 7, "object_id": "UME-232", "object_repr": "UME-232 - Python language", "action_flag": 3, "change_message": ""}}, {"model": "admin.logentry", "pk": 122, "fields": {"action_time": "2019-06-26T13:45:29.836Z", "user": "1312.01010", "content_type": 7, "object_id": "UME-101", "object_repr": "UME-101 - \u0418\u043d\u0444\u043e\u0440\u043c\u0430\u0442\u0438\u043a\u0430", "action_flag": 3, "change_message": ""}}, {"model": "admin.logentry", "pk": 123, "fields": {"action_time": "2019-06-26T13:45:29.949Z", "user": "1312.01010", "content_type": 7, "object_id": "MAT-101", "object_repr": "MAT-101 - Calculus", "action_flag": 3, "change_message": ""}}, {"model": "admin.logentry", "pk": 124, "fields": {"action_time": "2019-06-26T13:46:33.833Z", "user": "1312.01010", "content_type": 7, "object_id": "UME-335", "object_repr": "UME-335 - \u0441\u0430\u043d\u0434\u044b\u043a \u0442\u0430\u043b\u0434\u043e\u043e", "action_flag": 1, "change_message": "[{\"added\": {}}]"}}, {"model": "admin.logentry", "pk": 125, "fields": {"action_time": "2019-06-26T13:48:29.588Z", "user": "1312.01010", "content_type": 7, "object_id": "UME-333", "object_repr": "UME-333 - \u041f\u0440\u043e\u0433\u0440\u0430\u043c\u043c\u0430\u043b\u043e\u043e \u0442\u0438\u043b\u0434\u0435\u0440\u0438 \u0436\u0430\u043d\u0430 \u0442\u0435\u0445\u043d\u0438\u043a\u0442\u0435\u0440\u0438", "action_flag": 1, "change_message": "[{\"added\": {}}]"}}, {"model": "admin.logentry", "pk": 126, "fields": {"action_time": "2019-06-26T13:50:56.650Z", "user": "1312.01010", "content_type": 7, "object_id": "UME-337", "object_repr": "UME-337 - \u041a\u041e\u041c\u041f\u041b\u0415\u041a\u0421\u0422\u0418\u041a \u04e8\u0417\u0413\u04e8\u0420\u041c\u04e8\u041b\u04ae\u04ae \u0424\u0423\u041d\u041a\u0426\u0418\u042f\u041b\u0410\u0420 \u0422\u0415\u041e\u0420\u0418\u042f\u0421\u042b", "action_flag": 1, "change_message": "[{\"added\": {}}]"}}, {"model": "admin.logentry", "pk": 127, "fields": {"action_time": "2019-06-26T13:53:51.364Z", "user": "1312.01010", "content_type": 7, "object_id": "MAT-233", "object_repr": "MAT-233 - \u0414\u0418\u0424\u0424\u0415\u0420\u0415\u041d\u0426\u0418\u0410\u041b\u0414\u042b\u041a \u0422\u0415\u04a2\u0414\u0415\u041c\u0415\u041b\u0415\u0420 I", "action_flag": 1, "change_message": "[{\"added\": {}}]"}}, {"model": "admin.logentry", "pk": 128, "fields": {"action_time": "2019-06-26T13:56:52.901Z", "user": "1312.01010", "content_type": 7, "object_id": "MAT-231", "object_repr": "MAT-231 - \u041c\u0410\u0422\u0415\u041c\u0410\u0422\u0418\u041a\u0410\u041b\u042b\u041a \u0410\u041d\u0410\u041b\u0418\u0417 III", "action_flag": 1, "change_message": "[{\"added\": {}}]"}}, {"model": "admin.logentry", "pk": 129, "fields": {"action_time": "2019-06-26T13:58:08.438Z", "user": "1312.01010", "content_type": 7, "object_id": "MAT-132", "object_repr": "MAT-132 - \u041c\u0410\u0422\u0415\u041c\u0410\u0422\u0418\u041a\u0410\u041b\u042b\u041a \u0410\u041d\u0410\u041b\u0418\u0417 II", "action_flag": 1, "change_message": "[{\"added\": {}}]"}}, {"model": "admin.logentry", "pk": 130, "fields": {"action_time": "2019-06-26T13:58:59.893Z", "user": "1312.01010", "content_type": 14, "object_id": "6", "object_repr": "Assign object (6)", "action_flag": 1, "change_message": "[{\"added\": {}}]"}}, {"model": "admin.logentry", "pk": 131, "fields": {"action_time": "2019-06-26T13:59:18.582Z", "user": "1312.01010", "content_type": 14, "object_id": "7", "object_repr": "Assign object (7)", "action_flag": 1, "change_message": "[{\"added\": {}}]"}}, {"model": "admin.logentry", "pk": 132, "fields": {"action_time": "2019-06-26T14:00:07.247Z", "user": "1312.01010", "content_type": 14, "object_id": "8", "object_repr": "Assign object (8)", "action_flag": 1, "change_message": "[{\"added\": {}}]"}}, {"model": "admin.logentry", "pk": 133, "fields": {"action_time": "2019-06-26T14:00:21.652Z", "user": "1312.01010", "content_type": 14, "object_id": "9", "object_repr": "Assign object (9)", "action_flag": 1, "change_message": "[{\"added\": {}}]"}}, {"model": "admin.logentry", "pk": 134, "fields": {"action_time": "2019-06-26T14:00:36.061Z", "user": "1312.01010", "content_type": 14, "object_id": "10", "object_repr": "Assign object (10)", "action_flag": 1, "change_message": "[{\"added\": {}}]"}}, {"model": "admin.logentry", "pk": 135, "fields": {"action_time": "2019-06-26T14:00:58.808Z", "user": "1312.01010", "content_type": 14, "object_id": "11", "object_repr": "Assign object (11)", "action_flag": 1, "change_message": "[{\"added\": {}}]"}}, {"model": "admin.logentry", "pk": 136, "fields": {"action_time": "2019-06-26T14:02:47.394Z", "user": "1312.01010", "content_type": 14, "object_id": "12", "object_repr": "Assign object (12)", "action_flag": 1, "change_message": "[{\"added\": {}}]"}}, {"model": "admin.logentry", "pk": 137, "fields": {"action_time": "2019-06-26T14:03:12.571Z", "user": "1312.01010", "content_type": 14, "object_id": "13", "object_repr": "Assign object (13)", "action_flag": 1, "change_message": "[{\"added\": {}}]"}}, {"model": "admin.logentry", "pk": 138, "fields": {"action_time": "2019-06-26T14:03:37.523Z", "user": "1312.01010", "content_type": 14, "object_id": "14", "object_repr": "Assign object (14)", "action_flag": 1, "change_message": "[{\"added\": {}}]"}}, {"model": "admin.logentry", "pk": 139, "fields": {"action_time": "2019-06-26T14:03:50.503Z", "user": "1312.01010", "content_type": 14, "object_id": "15", "object_repr": "Assign object (15)", "action_flag": 1, "change_message": "[{\"added\": {}}]"}}, {"model": "admin.logentry", "pk": 140, "fields": {"action_time": "2019-06-26T14:05:18.964Z", "user": "1312.01010", "content_type": 12, "object_id": "1312.01008", "object_repr": "Aynura Mederbek kizi", "action_flag": 1, "change_message": "[{\"added\": {}}]"}}, {"model": "admin.logentry", "pk": 141, "fields": {"action_time": "2019-06-26T14:07:01.484Z", "user": "1312.01010", "content_type": 12, "object_id": "1312.01014", "object_repr": "Altinay Ishenbaeva", "action_flag": 1, "change_message": "[{\"added\": {}}]"}}, {"model": "admin.logentry", "pk": 142, "fields": {"action_time": "2019-06-26T14:07:34.249Z", "user": "1312.01010", "content_type": 12, "object_id": "1412.01005", "object_repr": "Siymik Risbaev", "action_flag": 1, "change_message": "[{\"added\": {}}]"}}, {"model": "admin.logentry", "pk": 143, "fields": {"action_time": "2019-06-26T14:07:53.980Z", "user": "1312.01010", "content_type": 12, "object_id": "1412.01006", "object_repr": "Begimay Abayildaeva", "action_flag": 1, "change_message": "[{\"added\": {}}]"}}, {"model": "admin.logentry", "pk": 144, "fields": {"action_time": "2019-06-26T14:08:19.684Z", "user": "1312.01010", "content_type": 12, "object_id": "1412.01007", "object_repr": "\u0418\u0441\u0430\u0431\u0435\u043a \u0422\u0430\u0448\u0442\u0430\u043d\u043e\u0432", "action_flag": 1, "change_message": "[{\"added\": {}}]"}}, {"model": "admin.logentry", "pk": 145, "fields": {"action_time": "2019-06-26T14:08:37.414Z", "user": "1312.01010", "content_type": 12, "object_id": "1412.01009", "object_repr": "\u0410\u0437\u0438\u0437\u0433\u04af\u043b \u041e\u0440\u043e\u0437\u0430\u043b\u0438\u0435\u0432\u0430", "action_flag": 1, "change_message": "[{\"added\": {}}]"}}, {"model": "admin.logentry", "pk": 146, "fields": {"action_time": "2019-06-26T14:08:50.507Z", "user": "1312.01010", "content_type": 12, "object_id": "1412.01010", "object_repr": "\u0410\u0439\u0436\u0430\u043d \u0422\u0438\u043b\u0435\u043a\u0431\u0435\u043a \u043a\u044b\u0437\u044b", "action_flag": 1, "change_message": "[{\"added\": {}}]"}}, {"model": "admin.logentry", "pk": 147, "fields": {"action_time": "2019-06-26T14:10:23.855Z", "user": "1312.01010", "content_type": 11, "object_id": "1312.01010", "object_repr": "Soyuzbek Orozbek uulu", "action_flag": 2, "change_message": "[{\"changed\": {\"fields\": [\"is_student\"]}}, {\"changed\": {\"name\": \"Student\", \"object\": \"Soyuzbek Orozbek uulu\", \"fields\": [\"course\", \"lessons\"]}}]"}}, {"model": "admin.logentry", "pk": 148, "fields": {"action_time": "2019-06-26T14:11:48.802Z", "user": "1312.01010", "content_type": 12, "object_id": "1312.01010", "object_repr": "Soyuzbek Orozbek uulu", "action_flag": 2, "change_message": "[{\"changed\": {\"fields\": [\"lessons\"]}}]"}}, {"model": "admin.logentry", "pk": 149, "fields": {"action_time": "2019-06-26T16:08:07.023Z", "user": "1312.01010", "content_type": 7, "object_id": "UME-335", "object_repr": "UME-335 - \u0421\u0410\u041d\u0414\u042b\u041a \u0422\u0410\u041b\u0414\u041e\u041e", "action_flag": 2, "change_message": "[{\"changed\": {\"fields\": [\"name_en\", \"name_tr\", \"name_ky\"]}}]"}}, {"model": "admin.logentry", "pk": 150, "fields": {"action_time": "2019-06-26T18:03:33.564Z", "user": "1312.01010", "content_type": 11, "object_id": "7", "object_repr": "\u042d\u043b\u043b\u0430 \u0410\u0431\u044b\u043b\u0430\u0435\u0432\u0430", "action_flag": 2, "change_message": "[{\"changed\": {\"fields\": [\"username_ky\"]}}]"}}, {"model": "admin.logentry", "pk": 151, "fields": {"action_time": "2019-06-26T18:03:55.435Z", "user": "1312.01010", "content_type": 11, "object_id": "6", "object_repr": "\u0413\u04af\u043b\u0448\u0430\u0442 \u041c\u0443\u0445\u0430\u043c\u0435\u0442\u0436\u0430\u043d\u043e\u0432\u0430", "action_flag": 2, "change_message": "[{\"changed\": {\"fields\": [\"username_ky\"]}}]"}}, {"model": "admin.logentry", "pk": 152, "fields": {"action_time": "2019-06-26T18:04:13.920Z", "user": "1312.01010", "content_type": 11, "object_id": "5", "object_repr": "\u041d\u0430\u0437\u0433\u04af\u043b \u0410\u0434\u0430\u043d\u0431\u0430\u0435\u0432\u0430", "action_flag": 2, "change_message": "[{\"changed\": {\"fields\": [\"username_ky\"]}}]"}}, {"model": "admin.logentry", "pk": 153, "fields": {"action_time": "2019-06-26T18:04:36.949Z", "user": "1312.01010", "content_type": 11, "object_id": "1412.01006", "object_repr": "\u0411\u0435\u0433\u0438\u043c\u0430\u0439 \u0410\u0431\u0430\u0439\u044b\u043b\u0434\u0430\u0435\u0432\u0430", "action_flag": 2, "change_message": "[{\"changed\": {\"fields\": [\"username_ky\"]}}]"}}, {"model": "admin.logentry", "pk": 154, "fields": {"action_time": "2019-06-26T18:05:03.520Z", "user": "1312.01010", "content_type": 11, "object_id": "1412.01005", "object_repr": "\u0421\u044b\u0439\u043c\u044b\u043a \u0420\u044b\u0441\u0431\u0430\u0435\u0432", "action_flag": 2, "change_message": "[{\"changed\": {\"fields\": [\"username_ky\"]}}]"}}, {"model": "admin.logentry", "pk": 155, "fields": {"action_time": "2019-06-26T18:05:17.317Z", "user": "1312.01010", "content_type": 11, "object_id": "1312.01014", "object_repr": "\u0410\u043b\u0442\u044b\u043d\u0430\u0439 \u0418\u0448\u0435\u043d\u0431\u0430\u0435\u0432\u0430", "action_flag": 2, "change_message": "[{\"changed\": {\"fields\": [\"username_ky\"]}}]"}}, {"model": "admin.logentry", "pk": 156, "fields": {"action_time": "2019-06-26T18:05:31.110Z", "user": "1312.01010", "content_type": 11, "object_id": "1312.01010", "object_repr": "\u0421\u043e\u044e\u0437\u0431\u0435\u043a \u041e\u0440\u043e\u0437\u0431\u0435\u043a \u0443\u0443\u043b\u0443", "action_flag": 2, "change_message": "[{\"changed\": {\"fields\": [\"username_ky\"]}}]"}}, {"model": "admin.logentry", "pk": 157, "fields": {"action_time": "2019-06-26T18:05:44.907Z", "user": "1312.01010", "content_type": 11, "object_id": "1312.01008", "object_repr": "\u0410\u0439\u043d\u0443\u0440\u0430 \u041c\u0435\u0434\u0435\u0440\u0431\u0435\u043a \u043a\u044b\u0437\u044b", "action_flag": 2, "change_message": "[{\"changed\": {\"fields\": [\"username_ky\"]}}]"}}, {"model": "admin.logentry", "pk": 158, "fields": {"action_time": "2019-06-26T19:02:48.357Z", "user": "1312.01010", "content_type": 7, "object_id": "MAT-233", "object_repr": "MAT-233 - \u0414\u0418\u0424\u0424\u0415\u0420\u0415\u041d\u0426\u0418\u0410\u041b\u0414\u042b\u041a \u0422\u0415\u04a2\u0414\u0415\u041c\u0415\u041b\u0415\u0420 I", "action_flag": 2, "change_message": "[]"}}, {"model": "admin.logentry", "pk": 159, "fields": {"action_time": "2019-06-26T20:32:18.658Z", "user": "1312.01010", "content_type": 9, "object_id": "1", "object_repr": "name", "action_flag": 1, "change_message": "[{\"added\": {}}]"}}, {"model": "admin.logentry", "pk": 160, "fields": {"action_time": "2019-06-26T20:51:22.853Z", "user": "1312.01010", "content_type": 7, "object_id": "UME-335", "object_repr": "UME-335 - NUMERIC ANALYSIS", "action_flag": 2, "change_message": "[{\"changed\": {\"fields\": [\"name_en\", \"topics\"]}}]"}}, {"model": "admin.logentry", "pk": 161, "fields": {"action_time": "2019-06-27T00:55:54.038Z", "user": "1312.01010", "content_type": 7, "object_id": "UME-335", "object_repr": "UME-335 - NUMERIC ANALYSIS", "action_flag": 2, "change_message": "[{\"changed\": {\"fields\": [\"topics\"]}}]"}}, {"model": "admin.logentry", "pk": 162, "fields": {"action_time": "2019-06-27T00:58:30.658Z", "user": "1312.01010", "content_type": 7, "object_id": "UME-335", "object_repr": "UME-335 - NUMERIC ANALYSIS", "action_flag": 2, "change_message": "[{\"changed\": {\"fields\": [\"topics\"]}}]"}}, {"model": "admin.logentry", "pk": 163, "fields": {"action_time": "2019-06-27T00:59:10.870Z", "user": "1312.01010", "content_type": 7, "object_id": "UME-335", "object_repr": "UME-335 - NUMERIC ANALYSIS", "action_flag": 2, "change_message": "[{\"changed\": {\"fields\": [\"topics\"]}}]"}}, {"model": "admin.logentry", "pk": 164, "fields": {"action_time": "2019-06-27T01:03:01.928Z", "user": "1312.01010", "content_type": 7, "object_id": "UME-337", "object_repr": "UME-337 - THEORY OF FUNCTIONS OF COMPLEX VARIABLES", "action_flag": 2, "change_message": "[{\"changed\": {\"fields\": [\"topics\"]}}]"}}, {"model": "admin.logentry", "pk": 165, "fields": {"action_time": "2019-06-27T01:06:08.753Z", "user": "1312.01010", "content_type": 7, "object_id": "UME-333", "object_repr": "UME-333 - Programming languages and technologies", "action_flag": 2, "change_message": "[{\"changed\": {\"fields\": [\"topics\"]}}]"}}, {"model": "admin.logentry", "pk": 166, "fields": {"action_time": "2019-06-27T01:07:10.655Z", "user": "1312.01010", "content_type": 7, "object_id": "MAT-233", "object_repr": "MAT-233 - DIFFERENTIAL EQUATIONS I", "action_flag": 2, "change_message": "[{\"changed\": {\"fields\": [\"topics\"]}}]"}}, {"model": "admin.logentry", "pk": 167, "fields": {"action_time": "2019-06-27T01:09:11.432Z", "user": "1312.01010", "content_type": 7, "object_id": "MAT-231", "object_repr": "MAT-231 - CALCULUS III", "action_flag": 2, "change_message": "[{\"changed\": {\"fields\": [\"name_en\", \"topics\"]}}]"}}, {"model": "admin.logentry", "pk": 168, "fields": {"action_time": "2019-06-27T01:10:21.896Z", "user": "1312.01010", "content_type": 7, "object_id": "MAT-132", "object_repr": "MAT-132 - CALCULUS II", "action_flag": 2, "change_message": "[{\"changed\": {\"fields\": [\"topics\"]}}]"}}, {"model": "admin.logentry", "pk": 169, "fields": {"action_time": "2019-06-27T01:31:22.630Z", "user": "1312.01010", "content_type": 9, "object_id": "1", "object_repr": "applied", "action_flag": 2, "change_message": "[{\"changed\": {\"fields\": [\"name_en\", \"annotation_en\", \"content_en\"]}}]"}}, {"model": "admin.logentry", "pk": 170, "fields": {"action_time": "2019-06-27T01:35:06.386Z", "user": "1312.01010", "content_type": 9, "object_id": "1", "object_repr": "Your advantages", "action_flag": 2, "change_message": "[{\"changed\": {\"fields\": [\"name_en\"]}}]"}}, {"model": "admin.logentry", "pk": 171, "fields": {"action_time": "2019-06-27T01:46:10.559Z", "user": "1312.01010", "content_type": 10, "object_id": "1", "object_repr": "first", "action_flag": 1, "change_message": "[{\"added\": {}}]"}}, {"model": "admin.logentry", "pk": 172, "fields": {"action_time": "2019-06-27T01:55:51.502Z", "user": "1312.01010", "content_type": 9, "object_id": "2", "object_repr": "About us", "action_flag": 1, "change_message": "[{\"added\": {}}]"}}, {"model": "admin.logentry", "pk": 173, "fields": {"action_time": "2019-06-27T02:04:39.419Z", "user": "1312.01010", "content_type": 9, "object_id": "2", "object_repr": "About us", "action_flag": 2, "change_message": "[{\"changed\": {\"fields\": [\"content_en\"]}}]"}}, {"model": "admin.logentry", "pk": 174, "fields": {"action_time": "2019-06-27T02:05:09.029Z", "user": "1312.01010", "content_type": 9, "object_id": "2", "object_repr": "About us", "action_flag": 2, "change_message": "[{\"changed\": {\"fields\": [\"content_en\"]}}]"}}, {"model": "admin.logentry", "pk": 175, "fields": {"action_time": "2019-06-27T02:06:23.221Z", "user": "1312.01010", "content_type": 9, "object_id": "2", "object_repr": "About us", "action_flag": 2, "change_message": "[{\"changed\": {\"fields\": [\"content_en\"]}}]"}}, {"model": "admin.logentry", "pk": 176, "fields": {"action_time": "2019-06-27T02:07:28.902Z", "user": "1312.01010", "content_type": 9, "object_id": "2", "object_repr": "About us", "action_flag": 2, "change_message": "[{\"changed\": {\"fields\": [\"content_en\"]}}]"}}, {"model": "admin.logentry", "pk": 177, "fields": {"action_time": "2019-06-27T02:12:09.489Z", "user": "1312.01010", "content_type": 9, "object_id": "2", "object_repr": "About us", "action_flag": 2, "change_message": "[{\"changed\": {\"fields\": [\"content_en\"]}}]"}}, {"model": "admin.logentry", "pk": 178, "fields": {"action_time": "2019-06-27T02:12:58.458Z", "user": "1312.01010", "content_type": 9, "object_id": "2", "object_repr": "About us", "action_flag": 2, "change_message": "[{\"changed\": {\"fields\": [\"content_en\"]}}]"}}, {"model": "admin.logentry", "pk": 179, "fields": {"action_time": "2019-06-27T02:13:34.189Z", "user": "1312.01010", "content_type": 9, "object_id": "2", "object_repr": "About us", "action_flag": 2, "change_message": "[{\"changed\": {\"fields\": [\"content_en\"]}}]"}}, {"model": "admin.logentry", "pk": 180, "fields": {"action_time": "2019-06-27T02:13:45.339Z", "user": "1312.01010", "content_type": 9, "object_id": "2", "object_repr": "About us", "action_flag": 2, "change_message": "[{\"changed\": {\"fields\": [\"content_en\"]}}]"}}, {"model": "admin.logentry", "pk": 181, "fields": {"action_time": "2019-06-27T02:20:31.097Z", "user": "1312.01010", "content_type": 9, "object_id": "2", "object_repr": "About us", "action_flag": 2, "change_message": "[]"}}, {"model": "admin.logentry", "pk": 182, "fields": {"action_time": "2019-06-27T02:23:41.169Z", "user": "1312.01010", "content_type": 9, "object_id": "3", "object_repr": "About", "action_flag": 1, "change_message": "[{\"added\": {}}]"}}, {"model": "admin.logentry", "pk": 183, "fields": {"action_time": "2019-06-27T02:25:00.615Z", "user": "1312.01010", "content_type": 9, "object_id": "3", "object_repr": "About", "action_flag": 2, "change_message": "[{\"changed\": {\"fields\": [\"content_en\"]}}]"}}, {"model": "admin.logentry", "pk": 184, "fields": {"action_time": "2019-06-27T02:27:45.257Z", "user": "1312.01010", "content_type": 9, "object_id": "3", "object_repr": "About", "action_flag": 2, "change_message": "[{\"changed\": {\"fields\": [\"content_en\"]}}]"}}, {"model": "admin.logentry", "pk": 185, "fields": {"action_time": "2019-06-27T15:32:36.699Z", "user": "1312.01010", "content_type": 10, "object_id": "1", "object_repr": "first", "action_flag": 2, "change_message": "[{\"changed\": {\"fields\": [\"image\"]}}]"}}, {"model": "admin.logentry", "pk": 186, "fields": {"action_time": "2019-06-27T16:22:17.049Z", "user": "1312.01010", "content_type": 10, "object_id": "1", "object_repr": "first", "action_flag": 2, "change_message": "[{\"changed\": {\"fields\": [\"image\"]}}]"}}, {"model": "admin.logentry", "pk": 187, "fields": {"action_time": "2019-06-27T16:27:53.659Z", "user": "1312.01010", "content_type": 9, "object_id": "1", "object_repr": "Your advantages", "action_flag": 2, "change_message": "[{\"changed\": {\"fields\": [\"content_en\"]}}]"}}, {"model": "admin.logentry", "pk": 188, "fields": {"action_time": "2019-06-27T16:54:22.356Z", "user": "1312.01010", "content_type": 9, "object_id": "1", "object_repr": "Your advantages", "action_flag": 2, "change_message": "[{\"changed\": {\"fields\": [\"content_en\"]}}]"}}, {"model": "admin.logentry", "pk": 189, "fields": {"action_time": "2019-06-27T16:54:46.637Z", "user": "1312.01010", "content_type": 9, "object_id": "1", "object_repr": "Your advantages", "action_flag": 2, "change_message": "[]"}}, {"model": "admin.logentry", "pk": 190, "fields": {"action_time": "2019-06-27T17:50:23.390Z", "user": "1312.01010", "content_type": 9, "object_id": "3", "object_repr": "About", "action_flag": 2, "change_message": "[{\"changed\": {\"fields\": [\"name_ky\", \"annotation_ky\", \"content_ky\"]}}]"}}, {"model": "admin.logentry", "pk": 191, "fields": {"action_time": "2019-06-27T17:50:51.838Z", "user": "1312.01010", "content_type": 9, "object_id": "2", "object_repr": "About us", "action_flag": 2, "change_message": "[{\"changed\": {\"fields\": [\"name_ky\", \"annotation_ky\", \"content_ky\"]}}]"}}, {"model": "admin.logentry", "pk": 192, "fields": {"action_time": "2019-06-27T17:51:38.368Z", "user": "1312.01010", "content_type": 9, "object_id": "1", "object_repr": "Your advantages", "action_flag": 2, "change_message": "[{\"changed\": {\"fields\": [\"name_ky\", \"annotation_en\", \"annotation_ky\", \"content_ky\"]}}]"}}, {"model": "admin.logentry", "pk": 193, "fields": {"action_time": "2019-06-27T18:03:26.811Z", "user": "1312.01010", "content_type": 10, "object_id": "2", "object_repr": "second", "action_flag": 1, "change_message": "[{\"added\": {}}]"}}, {"model": "admin.logentry", "pk": 194, "fields": {"action_time": "2019-06-27T18:12:54.976Z", "user": "1312.01010", "content_type": 10, "object_id": "1", "object_repr": "first", "action_flag": 3, "change_message": ""}}, {"model": "admin.logentry", "pk": 195, "fields": {"action_time": "2019-06-27T18:13:31.524Z", "user": "1312.01010", "content_type": 10, "object_id": "3", "object_repr": "second", "action_flag": 1, "change_message": "[{\"added\": {}}]"}}, {"model": "admin.logentry", "pk": 196, "fields": {"action_time": "2019-06-27T18:25:58.871Z", "user": "1312.01010", "content_type": 9, "object_id": "2", "object_repr": "About us", "action_flag": 2, "change_message": "[{\"changed\": {\"fields\": [\"content_ky\"]}}]"}}, {"model": "admin.logentry", "pk": 197, "fields": {"action_time": "2019-06-27T18:30:55.150Z", "user": "1312.01010", "content_type": 9, "object_id": "2", "object_repr": "About us", "action_flag": 2, "change_message": "[{\"changed\": {\"fields\": [\"content_en\", \"content_ky\"]}}]"}}, {"model": "admin.logentry", "pk": 198, "fields": {"action_time": "2019-06-27T18:31:22.898Z", "user": "1312.01010", "content_type": 9, "object_id": "2", "object_repr": "About us", "action_flag": 2, "change_message": "[{\"changed\": {\"fields\": [\"content_en\"]}}]"}}, {"model": "admin.logentry", "pk": 199, "fields": {"action_time": "2019-06-27T18:31:44.344Z", "user": "1312.01010", "content_type": 9, "object_id": "2", "object_repr": "About us", "action_flag": 2, "change_message": "[{\"changed\": {\"fields\": [\"content_en\"]}}]"}}, {"model": "admin.logentry", "pk": 200, "fields": {"action_time": "2019-06-27T18:32:22.886Z", "user": "1312.01010", "content_type": 9, "object_id": "2", "object_repr": "About us", "action_flag": 2, "change_message": "[{\"changed\": {\"fields\": [\"content_en\"]}}]"}}, {"model": "admin.logentry", "pk": 201, "fields": {"action_time": "2019-06-27T18:33:05.575Z", "user": "1312.01010", "content_type": 9, "object_id": "2", "object_repr": "About us", "action_flag": 2, "change_message": "[{\"changed\": {\"fields\": [\"content_en\"]}}]"}}, {"model": "admin.logentry", "pk": 202, "fields": {"action_time": "2019-06-27T18:33:38.744Z", "user": "1312.01010", "content_type": 9, "object_id": "2", "object_repr": "About us", "action_flag": 2, "change_message": "[{\"changed\": {\"fields\": [\"content_en\", \"content_ky\"]}}]"}}, {"model": "admin.logentry", "pk": 203, "fields": {"action_time": "2019-06-27T18:34:49.141Z", "user": "1312.01010", "content_type": 9, "object_id": "2", "object_repr": "About us", "action_flag": 2, "change_message": "[{\"changed\": {\"fields\": [\"content_ky\"]}}]"}}, {"model": "admin.logentry", "pk": 204, "fields": {"action_time": "2019-06-27T18:35:54.214Z", "user": "1312.01010", "content_type": 9, "object_id": "2", "object_repr": "About us", "action_flag": 2, "change_message": "[{\"changed\": {\"fields\": [\"content_en\"]}}]"}}, {"model": "admin.logentry", "pk": 205, "fields": {"action_time": "2019-06-27T18:41:29.558Z", "user": "1312.01010", "content_type": 9, "object_id": "1", "object_repr": "Your advantages", "action_flag": 2, "change_message": "[{\"changed\": {\"fields\": [\"content_en\"]}}]"}}]